latitude,longitude,time,fusion,model,y_true,y_pred
14.9,76.9,2019-01-01,late,meta,-1.6355670865759264,-2.0166368
14.9,76.9,2019-02-01,late,meta,-1.753350067454643,-1.8221658
14.9,76.9,2019-03-01,late,meta,-1.6964431162877602,-1.804997
14.9,76.9,2019-05-01,late,meta,-1.486606910568787,-1.3819376
14.9,76.9,2019-06-01,late,meta,-0.7650145735182451,-1.1300113
14.9,76.9,2019-07-01,late,meta,-1.2373374128316343,-1.2606728
14.9,76.9,2019-08-01,late,meta,-0.7066799649471354,-0.7570833
14.9,76.9,2019-09-01,late,meta,-0.1692119567062593,-0.37162772
14.9,76.9,2019-10-01,late,meta,0.9835276897332847,0.670771
14.9,76.9,2019-11-01,late,meta,0.9590467885407632,0.34801084
14.9,76.9,2019-12-01,late,meta,0.9383646702608204,0.48385513
14.9,76.9,2020-01-01,late,meta,1.2091827212182449,0.5090766
14.9,76.9,2020-02-01,late,meta,1.1817248535016307,0.5067347
14.9,76.9,2020-03-01,late,meta,1.0924086213413111,0.4368681
14.9,76.9,2020-04-01,late,meta,-0.4128316033087181,-0.8063053
14.9,76.9,2020-06-01,late,meta,-0.6259778144479882,-0.8322077
14.9,76.9,2020-07-01,late,meta,0.7721570180125983,0.30780634
14.9,76.9,2020-09-01,late,meta,1.3842724419101664,0.92111
14.9,76.9,2020-10-01,late,meta,1.2768319284738356,0.78745544
14.9,76.9,2020-11-01,late,meta,1.2540952671345875,0.572992
14.9,76.9,2020-12-01,late,meta,1.1807833257794125,0.4650523
14.9,77.15,2019-01-01,late,meta,-1.6360027828455777,-2.1029482
14.9,77.15,2019-02-01,late,meta,-1.7725811537965326,-1.9278457
14.9,77.15,2019-03-01,late,meta,-1.744540441623471,-1.8968654
14.9,77.15,2019-05-01,late,meta,-1.2426378535704568,-1.0309876
14.9,77.15,2019-06-01,late,meta,-0.6354915010365096,-0.72771513
14.9,77.15,2019-07-01,late,meta,-1.116047851605434,-1.1514844
14.9,77.15,2019-08-01,late,meta,-0.4875271725588798,-0.50089276
14.9,77.15,2019-09-01,late,meta,-0.0480695315218726,-0.23094206
14.9,77.15,2019-10-01,late,meta,0.8119511789762058,0.45218515
14.9,77.15,2019-11-01,late,meta,0.7768777214808852,0.22791158
14.9,77.15,2019-12-01,late,meta,0.7891187730457982,0.4364438
14.9,77.15,2020-01-01,late,meta,1.0641890088909542,0.27987427
14.9,77.15,2020-02-01,late,meta,1.0169447934220162,0.2970522
14.9,77.15,2020-03-01,late,meta,0.9451843438833968,0.46539733
14.9,77.15,2020-04-01,late,meta,-0.2793320879038977,-0.42618623
14.9,77.15,2020-06-01,late,meta,-0.4726940627144901,-0.51452184
14.9,77.15,2020-09-01,late,meta,1.4638690680527546,0.74648654
14.9,77.15,2020-10-01,late,meta,1.287685917976593,0.5999987
14.9,77.15,2020-11-01,late,meta,1.302894388379438,0.52645075
14.9,77.15,2020-12-01,late,meta,1.2258945274628723,0.4964717
14.9,77.4,2019-01-01,late,meta,-1.500674894940563,-1.7886153
14.9,77.4,2019-02-01,late,meta,-1.6777596794155265,-1.5254935
14.9,77.4,2019-03-01,late,meta,-1.7711754198097496,-1.5736674
14.9,77.4,2019-05-01,late,meta,-1.1621166529049112,-1.1314336
14.9,77.4,2019-06-01,late,meta,-0.4179567570361755,-0.825173
14.9,77.4,2019-07-01,late,meta,-0.967393125255972,-1.1396706
14.9,77.4,2019-08-01,late,meta,-0.2880419971395562,-0.51156557
14.9,77.4,2019-09-01,late,meta,0.1521882371541713,-0.08240335
14.9,77.4,2019-10-01,late,meta,0.77984296716474,0.385131
14.9,77.4,2019-11-01,late,meta,0.7152363713901911,0.1080614
14.9,77.4,2019-12-01,late,meta,0.7169872957328666,0.08480398
14.9,77.4,2020-01-01,late,meta,1.026074032848719,0.012183102
14.9,77.4,2020-02-01,late,meta,0.9461478238407036,0.1541282
14.9,77.4,2020-03-01,late,meta,0.8527722082574536,0.3814505
14.9,77.4,2020-04-01,late,meta,-0.1964164472359513,-0.29702812
14.9,77.4,2020-06-01,late,meta,-0.1593894591297626,-0.31002083
14.9,77.4,2020-07-01,late,meta,1.1281234438047107,0.68167734
14.9,77.4,2020-09-01,late,meta,1.541377455429639,0.95912516
14.9,77.4,2020-10-01,late,meta,1.3061472308144677,0.790998
14.9,77.4,2020-11-01,late,meta,1.353040641349229,0.44782025
14.9,77.4,2020-12-01,late,meta,1.2289372374134486,0.23994905
14.9,77.65,2019-01-01,late,meta,-1.423144936596895,-1.6124427
14.9,77.65,2019-02-01,late,meta,-1.547802003360217,-1.5486704
14.9,77.65,2019-03-01,late,meta,-1.7445908294663894,-1.4581016
14.9,77.65,2019-05-01,late,meta,-1.2351744790274313,-1.0655696
14.9,77.65,2019-06-01,late,meta,-0.4257294025313723,-0.8612286
14.9,77.65,2019-07-01,late,meta,-1.0314340889529592,-1.1448507
14.9,77.65,2019-09-01,late,meta,0.2689516393610189,0.14206167
14.9,77.65,2019-10-01,late,meta,0.7439254455129259,0.88171566
14.9,77.65,2019-11-01,late,meta,0.672888564203073,0.21550088
14.9,77.65,2019-12-01,late,meta,0.6823839805476667,0.14035742
14.9,77.65,2020-01-01,late,meta,1.0101049482051037,0.0059991507
14.9,77.65,2020-02-01,late,meta,0.9193801430501664,-0.0021748785
14.9,77.65,2020-03-01,late,meta,0.8152037914100798,0.13697542
14.9,77.65,2020-04-01,late,meta,0.0269634117097138,-0.61127484
14.9,77.65,2020-06-01,late,meta,0.069381740343161,-0.2745082
14.9,77.65,2020-07-01,late,meta,1.18573181190961,0.91707397
14.9,77.65,2020-09-01,late,meta,1.5866960967189805,1.5693858
14.9,77.65,2020-10-01,late,meta,1.432627595278228,1.234009
14.9,77.65,2020-11-01,late,meta,1.4733503926394194,0.7645448
14.9,77.65,2020-12-01,late,meta,1.3310152611216168,0.50772464
14.9,77.9,2019-01-01,late,meta,-1.3371151108764106,-1.2917361
14.9,77.9,2019-02-01,late,meta,-1.460815156978179,-1.4034586
14.9,77.9,2019-03-01,late,meta,-1.6718529015909067,-1.2260561
14.9,77.9,2019-05-01,late,meta,-1.2026551664155658,-0.9358733
14.9,77.9,2019-06-01,late,meta,-0.3951534988184843,-0.35838968
14.9,77.9,2019-07-01,late,meta,-0.9257656914082252,-0.80155575
14.9,77.9,2019-08-01,late,meta,0.029988354653531,-0.2596776
14.9,77.9,2019-09-01,late,meta,0.5212927386279907,0.6878626
14.9,77.9,2019-10-01,late,meta,0.8649403150587432,1.2710681
14.9,77.9,2019-11-01,late,meta,0.7671612773793008,0.5794663
14.9,77.9,2019-12-01,late,meta,0.7619804127477265,0.2947283
14.9,77.9,2020-01-01,late,meta,1.0553649531536629,0.23910631
14.9,77.9,2020-02-01,late,meta,0.949971543199242,0.1396485
14.9,77.9,2020-03-01,late,meta,0.763961503563587,0.11456111
14.9,77.9,2020-04-01,late,meta,0.0178075387055868,-0.5792839
14.9,77.9,2020-06-01,late,meta,0.1033029030519042,-0.08899818
14.9,77.9,2020-07-01,late,meta,1.1527134061164903,0.97583437
14.9,77.9,2020-09-01,late,meta,1.5215409742001862,1.8142103
14.9,77.9,2020-10-01,late,meta,1.3635577946972663,1.4731934
14.9,77.9,2020-11-01,late,meta,1.5044101915705137,1.1499757
14.9,77.9,2020-12-01,late,meta,1.368394373135816,0.7994578
14.9,78.15,2019-01-01,late,meta,-1.2495891215661743,-1.4567544
14.9,78.15,2019-02-01,late,meta,-1.3805502639771603,-1.5842216
14.9,78.15,2019-03-01,late,meta,-1.4977479275371992,-1.2084354
14.9,78.15,2019-05-01,late,meta,-1.156732894568728,-0.93327326
14.9,78.15,2019-06-01,late,meta,-0.3814016796303168,-0.06217299
14.9,78.15,2019-07-01,late,meta,-0.9987844902025356,-0.39638624
14.9,78.15,2019-08-01,late,meta,0.1021533209070085,0.13181531
14.9,78.15,2019-09-01,late,meta,0.6047197711780928,0.89627093
14.9,78.15,2019-10-01,late,meta,0.8390806463916127,1.154304
14.9,78.15,2019-11-01,late,meta,0.7113543590922314,0.3556395
14.9,78.15,2019-12-01,late,meta,0.692303439516056,0.15316367
14.9,78.15,2020-01-01,late,meta,0.9826907953523688,0.26903412
14.9,78.15,2020-02-01,late,meta,0.8414271641274869,0.2562878
14.9,78.15,2020-03-01,late,meta,0.5128575169373031,0.1388531
14.9,78.15,2020-04-01,late,meta,-0.15517715407791,-0.38923195
14.9,78.15,2020-06-01,late,meta,0.1289020512549236,0.30089462
14.9,78.15,2020-07-01,late,meta,1.034412656324213,1.1010258
14.9,78.15,2020-09-01,late,meta,1.372329802467888,1.5994132
14.9,78.15,2020-10-01,late,meta,1.1351170445316918,1.0893649
14.9,78.15,2020-11-01,late,meta,1.4246119825164285,0.9476929
14.9,78.15,2020-12-01,late,meta,1.247672075385318,0.7260031
14.9,78.4,2019-01-01,late,meta,-1.245371391953181,-1.3992355
14.9,78.4,2019-02-01,late,meta,-1.3757283599451349,-1.5884947
14.9,78.4,2019-03-01,late,meta,-1.4613420805420037,-1.1595384
14.9,78.4,2019-05-01,late,meta,-1.1055943808145308,-0.8435841
14.9,78.4,2019-06-01,late,meta,-0.5081999830125576,-0.10165973
14.9,78.4,2019-07-01,late,meta,-1.0324080364898238,-0.27708575
14.9,78.4,2019-08-01,late,meta,0.1233851354231033,0.3607389
14.9,78.4,2019-09-01,late,meta,0.6419850532573181,0.77936023
14.9,78.4,2019-10-01,late,meta,0.7765675193313195,0.91124916
14.9,78.4,2019-11-01,late,meta,0.6247897365446723,0.2029194
14.9,78.4,2019-12-01,late,meta,0.6500161273129481,0.19664158
14.9,78.4,2020-01-01,late,meta,0.941745418507636,0.2751112
14.9,78.4,2020-02-01,late,meta,0.7834259771314617,0.349458
14.9,78.4,2020-03-01,late,meta,0.3558699597936173,0.045513272
14.9,78.4,2020-04-01,late,meta,-0.1162891550870733,-0.32542962
14.9,78.4,2020-06-01,late,meta,0.2560987655786105,0.36283517
14.9,78.4,2020-07-01,late,meta,1.0433528513542496,1.2167159
14.9,78.4,2020-09-01,late,meta,1.3056975444688916,1.4387457
14.9,78.4,2020-10-01,late,meta,1.0463922454519103,1.0174103
14.9,78.4,2020-11-01,late,meta,1.4475376501815111,1.1066793
14.9,78.4,2020-12-01,late,meta,1.2557220697774265,0.9023578
14.9,78.65,2019-01-01,late,meta,-1.404184757460737,-1.200175
14.9,78.65,2019-02-01,late,meta,-1.498308042971313,-1.4704154
14.9,78.65,2019-03-01,late,meta,-1.6097989030275524,-1.160722
14.9,78.65,2019-05-01,late,meta,-0.85979863315148,-0.49439818
14.9,78.65,2019-06-01,late,meta,-0.5537789861663357,-0.20026346
14.9,78.65,2019-09-01,late,meta,0.6595017818103659,1.0399747
14.9,78.65,2019-10-01,late,meta,0.8427538318156143,1.2826579
14.9,78.65,2019-11-01,late,meta,0.6785309849995559,0.62186104
14.9,78.65,2019-12-01,late,meta,0.7360971267892068,0.56734806
14.9,78.65,2020-01-01,late,meta,1.0142366674023873,0.52674776
14.9,78.65,2020-02-01,late,meta,0.9032043394906932,0.36353427
14.9,78.65,2020-03-01,late,meta,0.5096655392037975,0.18003663
14.9,78.65,2020-04-01,late,meta,-0.0552506698783524,-0.41749296
14.9,78.65,2020-06-01,late,meta,0.3680290128365853,0.29487306
14.9,78.65,2020-07-01,late,meta,1.0108213839858349,1.0866467
14.9,78.65,2020-09-01,late,meta,1.5287160005675486,1.692639
14.9,78.65,2020-10-01,late,meta,1.1907948104576458,1.226301
14.9,78.65,2020-11-01,late,meta,1.5585438573897086,1.3989286
14.9,78.65,2020-12-01,late,meta,1.316040502072271,1.1548736
14.9,78.9,2019-01-01,late,meta,-1.487503549525987,-1.1880189
14.9,78.9,2019-02-01,late,meta,-1.517724359974037,-1.0228001
14.9,78.9,2019-03-01,late,meta,-1.5827652994362915,-0.84856236
14.9,78.9,2019-05-01,late,meta,-0.7541491199204299,-0.12203868
14.9,78.9,2019-06-01,late,meta,-0.4790966395226246,-0.11570835
14.9,78.9,2019-09-01,late,meta,0.6153870535684626,0.97181284
14.9,78.9,2019-10-01,late,meta,0.911257477958662,1.5057576
14.9,78.9,2019-11-01,late,meta,0.7027738015810128,1.091443
14.9,78.9,2019-12-01,late,meta,0.8137029539677119,0.90452355
14.9,78.9,2020-01-01,late,meta,1.0831480220780143,0.6064195
14.9,78.9,2020-02-01,late,meta,1.0403095881295488,0.3826815
14.9,78.9,2020-03-01,late,meta,0.7203235305465607,0.06637016
14.9,78.9,2020-04-01,late,meta,0.0431618743696713,-0.43172598
14.9,78.9,2020-06-01,late,meta,0.5897080848218031,0.45538005
14.9,78.9,2020-07-01,late,meta,1.069162445981128,1.00482
14.9,78.9,2020-09-01,late,meta,1.7350554484806109,2.008347
14.9,78.9,2020-10-01,late,meta,1.3583443271543625,1.5429189
14.9,78.9,2020-11-01,late,meta,1.6632397448883376,1.8327975
14.9,78.9,2020-12-01,late,meta,1.39043435884443,1.3546698
14.9,79.15,2019-01-01,late,meta,-1.3450364768137362,-1.192935
14.9,79.15,2019-02-01,late,meta,-1.407570196690992,-1.0240299
14.9,79.15,2019-03-01,late,meta,-1.4446639657168423,-0.7013174
14.9,79.15,2019-05-01,late,meta,-0.7435692547627273,-0.0071650073
14.9,79.15,2019-06-01,late,meta,-0.6285332840316232,-0.09897484
14.9,79.15,2019-08-01,late,meta,-0.2464144361705545,0.049748257
14.9,79.15,2019-09-01,late,meta,0.5380536240173519,0.4995529
14.9,79.15,2019-10-01,late,meta,0.9734180342273544,0.9347654
14.9,79.15,2019-11-01,late,meta,0.6598808230545099,0.6390925
14.9,79.15,2019-12-01,late,meta,0.8645657807592971,0.59508914
14.9,79.15,2020-01-01,late,meta,1.163378125854334,0.52157056
14.9,79.15,2020-02-01,late,meta,1.1475172395308424,0.46039492
14.9,79.15,2020-03-01,late,meta,0.8178444921043431,0.26858172
14.9,79.15,2020-04-01,late,meta,0.1075477238127022,-0.4046022
14.9,79.15,2020-06-01,late,meta,0.771653927523673,0.5366045
14.9,79.15,2020-07-01,late,meta,1.0067313511443394,1.0803111
14.9,79.15,2020-09-01,late,meta,1.7205360795022404,1.7794547
14.9,79.15,2020-10-01,late,meta,1.3524936021937792,1.3432184
14.9,79.15,2020-11-01,late,meta,1.6406448758181025,1.6216223
14.9,79.15,2020-12-01,late,meta,1.4482089967997889,1.1893338
14.9,79.4,2019-01-01,late,meta,-0.9675756163627108,-0.5727343
14.9,79.4,2019-02-01,late,meta,-0.925233579884114,-0.40680864
14.9,79.4,2019-03-01,late,meta,-0.995798801141727,-0.38185018
14.9,79.4,2019-05-01,late,meta,-0.5117581273973896,-0.026292346
14.9,79.4,2019-06-01,late,meta,-0.8293869177360025,-0.029607996
14.9,79.4,2019-07-01,late,meta,-1.0648830398230202,-0.4417397
14.9,79.4,2019-08-01,late,meta,-0.7047874373022764,-0.2807168
14.9,79.4,2019-09-01,late,meta,0.1682278552859156,0.21242414
14.9,79.4,2019-10-01,late,meta,0.825907974938675,0.8455361
14.9,79.4,2019-11-01,late,meta,0.4769633561472272,0.6705131
14.9,79.4,2019-12-01,late,meta,0.7463469974323904,0.5947411
14.9,79.4,2020-01-01,late,meta,1.1734075591684008,0.6081728
14.9,79.4,2020-02-01,late,meta,1.154837503505839,0.6590551
14.9,79.4,2020-03-01,late,meta,0.8521724733771118,0.53403217
14.9,79.4,2020-04-01,late,meta,0.081732942534567,-0.27868062
14.9,79.4,2020-06-01,late,meta,0.7105786869910954,0.7359672
14.9,79.4,2020-07-01,late,meta,0.7440624103190612,1.0285196
14.9,79.4,2020-09-01,late,meta,1.5691035462578395,1.664278
14.9,79.4,2020-10-01,late,meta,1.330121195686678,1.5372851
14.9,79.4,2020-11-01,late,meta,1.6387569005738036,1.7630929
14.9,79.4,2020-12-01,late,meta,1.5942143919650802,1.5137546
15.15,76.9,2019-01-01,late,meta,-1.3564778956507106,-1.5413716
15.15,76.9,2019-02-01,late,meta,-1.5541447782317843,-1.4375579
15.15,76.9,2019-03-01,late,meta,-1.5262541163522394,-1.4011415
15.15,76.9,2019-05-01,late,meta,-1.4311012394782687,-1.2062001
15.15,76.9,2019-06-01,late,meta,-0.4738984242737524,-0.8506897
15.15,76.9,2019-07-01,late,meta,-1.0754114728437618,-0.92624617
15.15,76.9,2019-08-01,late,meta,-0.6282843348015962,-0.46020478
15.15,76.9,2019-09-01,late,meta,-0.1452105992893129,-0.1546847
15.15,76.9,2019-10-01,late,meta,0.9207923986164032,0.7717205
15.15,76.9,2019-11-01,late,meta,0.9044472291258434,0.53820974
15.15,76.9,2019-12-01,late,meta,0.8935914046837624,0.62899905
15.15,76.9,2020-01-01,late,meta,1.2878197535873337,0.66682935
15.15,76.9,2020-02-01,late,meta,1.2768731908251056,0.60049117
15.15,76.9,2020-03-01,late,meta,1.240571322661587,0.63561994
15.15,76.9,2020-04-01,late,meta,-0.3593420277636773,-0.58158016
15.15,76.9,2020-06-01,late,meta,-0.473473541715565,-0.37009826
15.15,76.9,2020-09-01,late,meta,1.3406633111058142,1.1445563
15.15,76.9,2020-10-01,late,meta,1.3550348620322348,0.8977562
15.15,76.9,2020-11-01,late,meta,1.3616744041439006,0.66761965
15.15,76.9,2020-12-01,late,meta,1.3120211997691595,0.54938066
15.15,77.15,2019-01-01,late,meta,-1.341663699463809,-1.5597935
15.15,77.15,2019-02-01,late,meta,-1.5494277341132237,-1.5531938
15.15,77.15,2019-03-01,late,meta,-1.5606532390392096,-1.5762016
15.15,77.15,2019-05-01,late,meta,-1.197169121291916,-0.9258373
15.15,77.15,2019-06-01,late,meta,-0.3515895231120873,-0.4738705
15.15,77.15,2019-07-01,late,meta,-0.9016869851853996,-0.8548528
15.15,77.15,2019-08-01,late,meta,-0.3655740516216203,-0.24446952
15.15,77.15,2019-09-01,late,meta,-0.0182530866709619,-0.015178688
15.15,77.15,2019-10-01,late,meta,0.7747121623063956,0.5217235
15.15,77.15,2019-11-01,late,meta,0.7508909735411192,0.4514592
15.15,77.15,2019-12-01,late,meta,0.7608648508882391,0.6458644
15.15,77.15,2020-01-01,late,meta,1.1412881171972886,0.42787382
15.15,77.15,2020-02-01,late,meta,1.0957120280565285,0.46771732
15.15,77.15,2020-03-01,late,meta,1.086666723599437,0.5597252
15.15,77.15,2020-04-01,late,meta,-0.2196639966750768,-0.25810343
15.15,77.15,2020-06-01,late,meta,-0.2873049101216072,-0.14540164
15.15,77.15,2020-07-01,late,meta,1.183553925575925,0.7035918
15.15,77.15,2020-09-01,late,meta,1.4060068905864216,0.9502107
15.15,77.15,2020-10-01,late,meta,1.3719205458377477,0.7707857
15.15,77.15,2020-11-01,late,meta,1.4139807792280492,0.61493653
15.15,77.15,2020-12-01,late,meta,1.3585831324606763,0.76894546
15.15,77.4,2019-01-01,late,meta,-1.30869967919738,-1.5051198
15.15,77.4,2019-02-01,late,meta,-1.5089704290881798,-1.4446304
15.15,77.4,2019-03-01,late,meta,-1.65686871229327,-1.6540582
15.15,77.4,2019-05-01,late,meta,-1.2735482516141667,-1.0110546
15.15,77.4,2019-06-01,late,meta,-0.379755288572179,-0.5378966
15.15,77.4,2019-08-01,late,meta,-0.1997657430418218,-0.071203575
15.15,77.4,2019-09-01,late,meta,0.1176889188889796,0.2067526
15.15,77.4,2019-10-01,late,meta,0.7333275018426604,0.660088
15.15,77.4,2019-11-01,late,meta,0.7197184778681713,0.431065
15.15,77.4,2019-12-01,late,meta,0.7536236237856403,0.6216287
15.15,77.4,2020-01-01,late,meta,1.1393294068448785,0.35760483
15.15,77.4,2020-02-01,late,meta,1.061182389564544,0.3553749
15.15,77.4,2020-03-01,late,meta,1.0515390952144434,0.49678263
15.15,77.4,2020-04-01,late,meta,0.0870760442458951,-0.12913822
15.15,77.4,2020-06-01,late,meta,-0.2125358934520248,-0.18134353
15.15,77.4,2020-07-01,late,meta,1.1781702628183517,0.7397287
15.15,77.4,2020-09-01,late,meta,1.4316112062867428,1.2547199
15.15,77.4,2020-10-01,late,meta,1.473458925504306,1.188186
15.15,77.4,2020-11-01,late,meta,1.542569614083245,0.9665735
15.15,77.4,2020-12-01,late,meta,1.476398440665306,0.8920209
15.15,77.65,2019-01-01,late,meta,-1.264390538096134,-1.3928696
15.15,77.65,2019-02-01,late,meta,-1.4108555631925777,-1.3915821
15.15,77.65,2019-03-01,late,meta,-1.6563053903015703,-1.3462212
15.15,77.65,2019-05-01,late,meta,-1.318969349745156,-0.9869632
15.15,77.65,2019-06-01,late,meta,-0.339899638444289,-0.6918864
15.15,77.65,2019-07-01,late,meta,-0.9491944884259744,-0.9488402
15.15,77.65,2019-08-01,late,meta,-0.1470785610445122,-0.29443216
15.15,77.65,2019-09-01,late,meta,0.2265874947147205,0.35822335
15.15,77.65,2019-10-01,late,meta,0.7046325923527648,1.0724562
15.15,77.65,2019-11-01,late,meta,0.6880224585606923,0.38128895
15.15,77.65,2019-12-01,late,meta,0.7215619283119236,0.31856215
15.15,77.65,2020-01-01,late,meta,1.1120047550194834,0.24781352
15.15,77.65,2020-02-01,late,meta,1.0217627607108106,0.23741208
15.15,77.65,2020-03-01,late,meta,1.0120760728385327,0.42924806
15.15,77.65,2020-04-01,late,meta,0.2554945033031842,-0.2197162
15.15,77.65,2020-06-01,late,meta,-0.0127647610332113,-0.062246133
15.15,77.65,2020-07-01,late,meta,1.232405758165982,0.9665854
15.15,77.65,2020-09-01,late,meta,1.489969686819839,1.6042098
15.15,77.65,2020-10-01,late,meta,1.5712901269571309,1.6126224
15.15,77.65,2020-11-01,late,meta,1.6438828323285264,1.2543708
15.15,77.65,2020-12-01,late,meta,1.557093773294907,1.0396173
15.15,77.9,2019-01-01,late,meta,-1.2881199843450934,-1.0757881
15.15,77.9,2019-02-01,late,meta,-1.3980940821073469,-1.1315893
15.15,77.9,2019-03-01,late,meta,-1.6500167781063937,-1.1469865
15.15,77.9,2019-05-01,late,meta,-1.0405243138644469,-0.7744329
15.15,77.9,2019-06-01,late,meta,-0.0553190965453434,-0.11763391
15.15,77.9,2019-07-01,late,meta,-0.8111208421508075,-0.53557926
15.15,77.9,2019-08-01,late,meta,-0.0507955843008525,0.030548297
15.15,77.9,2019-09-01,late,meta,0.3549213972699856,0.9232258
15.15,77.9,2019-10-01,late,meta,0.7025136054000709,1.4403514
15.15,77.9,2019-11-01,late,meta,0.6741345966363774,0.7142577
15.15,77.9,2019-12-01,late,meta,0.6368286202354584,0.41025996
15.15,77.9,2020-01-01,late,meta,1.033957829993403,0.35196993
15.15,77.9,2020-02-01,late,meta,0.9473970483500624,0.21865374
15.15,77.9,2020-03-01,late,meta,0.8725502530507221,0.24641126
15.15,77.9,2020-04-01,late,meta,0.0863245672054551,-0.42617607
15.15,77.9,2020-06-01,late,meta,-0.0995660173073755,-0.0066347737
15.15,77.9,2020-07-01,late,meta,1.0840105433177034,1.1172563
15.15,77.9,2020-09-01,late,meta,1.3597165813575558,1.8649518
15.15,77.9,2020-10-01,late,meta,1.5083086102645478,1.8646761
15.15,77.9,2020-11-01,late,meta,1.6144696213576106,1.5661633
15.15,77.9,2020-12-01,late,meta,1.5289837337353136,1.2950628
15.15,78.15,2019-01-01,late,meta,-1.209009872287632,-1.1044672
15.15,78.15,2019-02-01,late,meta,-1.322833549507038,-1.3556598
15.15,78.15,2019-03-01,late,meta,-1.467680397492102,-1.1311351
15.15,78.15,2019-05-01,late,meta,-0.9383784263070584,-0.7938142
15.15,78.15,2019-06-01,late,meta,-0.0279275659094222,0.23846777
15.15,78.15,2019-07-01,late,meta,-0.8473086517952806,-0.11426324
15.15,78.15,2019-08-01,late,meta,0.0345705750540456,0.36232203
15.15,78.15,2019-09-01,late,meta,0.4465744180558049,1.1611183
15.15,78.15,2019-10-01,late,meta,0.6799614139663429,1.2938092
15.15,78.15,2019-11-01,late,meta,0.6285241023552913,0.50107616
15.15,78.15,2019-12-01,late,meta,0.5653188981017585,0.30798095
15.15,78.15,2020-01-01,late,meta,0.9595222496252288,0.36933562
15.15,78.15,2020-02-01,late,meta,0.8357382643395462,0.26215196
15.15,78.15,2020-03-01,late,meta,0.609180221950259,0.1885167
15.15,78.15,2020-04-01,late,meta,-0.1089362412862757,-0.28958753
15.15,78.15,2020-06-01,late,meta,-0.0342495096961471,0.20578834
15.15,78.15,2020-07-01,late,meta,0.984799409250485,1.2243421
15.15,78.15,2020-09-01,late,meta,1.2225812986014626,1.7104903
15.15,78.15,2020-10-01,late,meta,1.3070642568430224,1.5285164
15.15,78.15,2020-11-01,late,meta,1.543459745593067,1.2979445
15.15,78.15,2020-12-01,late,meta,1.4190715232609046,1.1496865
15.15,78.4,2019-01-01,late,meta,-1.01889737897506,-1.0695235
15.15,78.4,2019-02-01,late,meta,-1.1483288833118226,-1.4596668
15.15,78.4,2019-03-01,late,meta,-1.198832381838276,-1.1342516
15.15,78.4,2019-05-01,late,meta,-0.9769498913459308,-0.9034405
15.15,78.4,2019-06-01,late,meta,-0.3357912811408449,-0.2594828
15.15,78.4,2019-07-01,late,meta,-1.083198270688576,-0.53159606
15.15,78.4,2019-08-01,late,meta,-0.0295495767144959,0.2737163
15.15,78.4,2019-09-01,late,meta,0.4756171851087279,0.80483466
15.15,78.4,2019-10-01,late,meta,0.6318307586208896,0.8889069
15.15,78.4,2019-11-01,late,meta,0.5587523143333825,0.25060838
15.15,78.4,2019-12-01,late,meta,0.5623371133649777,0.28271383
15.15,78.4,2020-01-01,late,meta,0.9471346540816856,0.3815865
15.15,78.4,2020-02-01,late,meta,0.7391392673568915,0.37575176
15.15,78.4,2020-03-01,late,meta,0.3307962748120717,-0.03807382
15.15,78.4,2020-04-01,late,meta,-0.2078511370766436,-0.31918728
15.15,78.4,2020-06-01,late,meta,0.2016441436440424,0.3700293
15.15,78.4,2020-07-01,late,meta,0.8383327959822884,1.1269554
15.15,78.4,2020-09-01,late,meta,1.2111149149490532,1.3676993
15.15,78.4,2020-10-01,late,meta,1.085390465926882,1.0324005
15.15,78.4,2020-11-01,late,meta,1.4962196816663371,1.1185715
15.15,78.4,2020-12-01,late,meta,1.2917871179545246,1.0074856
15.15,78.65,2019-01-01,late,meta,-1.2034658001291942,-1.0530633
15.15,78.65,2019-02-01,late,meta,-1.3168903778932406,-1.3592398
15.15,78.65,2019-03-01,late,meta,-1.4536349160547697,-1.3558605
15.15,78.65,2019-05-01,late,meta,-0.7613085360723699,-0.8040622
15.15,78.65,2019-06-01,late,meta,-0.4105352233004224,-0.40342695
15.15,78.65,2019-08-01,late,meta,-0.1778170272584747,0.20668854
15.15,78.65,2019-09-01,late,meta,0.5255943222263733,1.0275093
15.15,78.65,2019-10-01,late,meta,0.7574878032966197,1.2944479
15.15,78.65,2019-11-01,late,meta,0.645728046418677,0.72870016
15.15,78.65,2019-12-01,late,meta,0.6827878437313378,0.6871114
15.15,78.65,2020-01-01,late,meta,1.0480313614364745,0.6730198
15.15,78.65,2020-02-01,late,meta,0.9187821209609428,0.48578393
15.15,78.65,2020-03-01,late,meta,0.5102949841822748,0.2624669
15.15,78.65,2020-04-01,late,meta,-0.1207187957133833,-0.3269319
15.15,78.65,2020-06-01,late,meta,0.3206116400580346,0.2879427
15.15,78.65,2020-07-01,late,meta,0.8337261809184849,0.98150194
15.15,78.65,2020-09-01,late,meta,1.4497099012150376,1.6084021
15.15,78.65,2020-10-01,late,meta,1.2522387178925154,1.2717954
15.15,78.65,2020-11-01,late,meta,1.6409035984234337,1.4231
15.15,78.65,2020-12-01,late,meta,1.3711091655249474,1.2086856
15.15,78.9,2019-01-01,late,meta,-1.3934702663297611,-1.0887889
15.15,78.9,2019-02-01,late,meta,-1.44767340369205,-1.0321708
15.15,78.9,2019-03-01,late,meta,-1.6334298231488689,-1.0820705
15.15,78.9,2019-05-01,late,meta,-0.6139920838322311,-0.26933047
15.15,78.9,2019-06-01,late,meta,-0.4020401241349225,-0.15651278
15.15,78.9,2019-08-01,late,meta,-0.2644425333625545,-0.13076274
15.15,78.9,2019-09-01,late,meta,0.6875795014553285,0.965399
15.15,78.9,2019-10-01,late,meta,0.9850682688764346,1.5269002
15.15,78.9,2019-11-01,late,meta,0.7693555122547345,1.0477273
15.15,78.9,2019-12-01,late,meta,0.8911793643480925,0.9495122
15.15,78.9,2020-01-01,late,meta,1.2183072439013976,0.69129187
15.15,78.9,2020-02-01,late,meta,1.1788683582706505,0.62636495
15.15,78.9,2020-03-01,late,meta,0.7167858939126245,0.051711563
15.15,78.9,2020-04-01,late,meta,-0.0314251015122454,-0.50123745
15.15,78.9,2020-06-01,late,meta,0.4763937012352697,0.3361043
15.15,78.9,2020-07-01,late,meta,0.7875814470810856,0.64129907
15.15,78.9,2020-09-01,late,meta,1.5997441842209787,1.6839888
15.15,78.9,2020-10-01,late,meta,1.330468391298511,1.2959394
15.15,78.9,2020-11-01,late,meta,1.6685660503500948,1.6019365
15.15,78.9,2020-12-01,late,meta,1.4010866264824189,1.2558584
15.15,79.15,2019-01-01,late,meta,-1.2515274150315094,-1.0689766
15.15,79.15,2019-02-01,late,meta,-1.344244609571104,-1.0203058
15.15,79.15,2019-03-01,late,meta,-1.5014922646909663,-0.8887851
15.15,79.15,2019-05-01,late,meta,-0.5716818722732019,-0.04654659
15.15,79.15,2019-06-01,late,meta,-0.4808946730148074,-0.15753439
15.15,79.15,2019-07-01,late,meta,-0.7772196766336947,-0.32172132
15.15,79.15,2019-08-01,late,meta,-0.413797168113835,-0.17612098
15.15,79.15,2019-09-01,late,meta,0.5992173960692457,0.61368287
15.15,79.15,2019-10-01,late,meta,1.0474280621121104,1.1883516
15.15,79.15,2019-11-01,late,meta,0.7457941047324391,0.81548554
15.15,79.15,2019-12-01,late,meta,0.9709504943767796,0.8281383
15.15,79.15,2020-01-01,late,meta,1.3127968553102696,0.7215601
15.15,79.15,2020-02-01,late,meta,1.2764581148943763,0.76173925
15.15,79.15,2020-03-01,late,meta,0.8761247217174133,0.29828
15.15,79.15,2020-04-01,late,meta,0.0560376387483433,-0.3680753
15.15,79.15,2020-06-01,late,meta,0.6299519125439069,0.4080271
15.15,79.15,2020-07-01,late,meta,0.7036450936264206,0.6802555
15.15,79.15,2020-09-01,late,meta,1.5768475831216402,1.515554
15.15,79.15,2020-10-01,late,meta,1.3165563056214311,1.2839768
15.15,79.15,2020-11-01,late,meta,1.641409254344815,1.570877
15.15,79.15,2020-12-01,late,meta,1.4711668401836695,1.2232909
15.15,79.4,2019-01-01,late,meta,-1.00842192946434,-0.696718
15.15,79.4,2019-02-01,late,meta,-1.1250459990126962,-0.66493714
15.15,79.4,2019-03-01,late,meta,-1.249978540572009,-0.63580257
15.15,79.4,2019-05-01,late,meta,-0.3428113053734813,0.08343543
15.15,79.4,2019-06-01,late,meta,-0.643223343287763,-0.003929332
15.15,79.4,2019-07-01,late,meta,-1.0215604199173187,-0.28500175
15.15,79.4,2019-08-01,late,meta,-0.597931954545411,0.0038986225
15.15,79.4,2019-09-01,late,meta,0.3253374821981324,0.5715123
15.15,79.4,2019-10-01,late,meta,0.9413430260603608,1.2425792
15.15,79.4,2019-11-01,late,meta,0.630527274577641,0.92722565
15.15,79.4,2019-12-01,late,meta,0.9155559018501568,0.802853
15.15,79.4,2020-01-01,late,meta,1.3165380194498426,0.7588139
15.15,79.4,2020-02-01,late,meta,1.2515092346682963,0.8371208
15.15,79.4,2020-03-01,late,meta,0.9196143631006348,0.5775587
15.15,79.4,2020-04-01,late,meta,0.0837139747158485,-0.3723418
15.15,79.4,2020-06-01,late,meta,0.4812403307988831,0.57175934
15.15,79.4,2020-07-01,late,meta,0.5405540543577152,0.8393588
15.15,79.4,2020-09-01,late,meta,1.4792057990325471,1.8189418
15.15,79.4,2020-10-01,late,meta,1.3011045172382332,1.7651571
15.15,79.4,2020-11-01,late,meta,1.6223014880136075,1.9541817
15.15,79.4,2020-12-01,late,meta,1.576137170024615,1.5459075
15.4,76.9,2019-01-01,late,meta,-1.1732210127310865,-1.391581
15.4,76.9,2019-02-01,late,meta,-1.4393973504540387,-1.3334507
15.4,76.9,2019-03-01,late,meta,-1.3831482497860932,-1.5041575
15.4,76.9,2019-05-01,late,meta,-1.4427076485473722,-1.2550943
15.4,76.9,2019-06-01,late,meta,-0.3013881874391489,-0.77768224
15.4,76.9,2019-07-01,late,meta,-0.7318610535865283,-0.8348207
15.4,76.9,2019-08-01,late,meta,-0.4049845373960639,-0.5297334
15.4,76.9,2019-09-01,late,meta,-0.1335431699311416,-0.18506703
15.4,76.9,2019-10-01,late,meta,0.6526602115219136,0.45721713
15.4,76.9,2019-11-01,late,meta,0.6648819308455088,0.44513872
15.4,76.9,2019-12-01,late,meta,0.6855806958655217,0.57304513
15.4,76.9,2020-01-01,late,meta,1.1257581634342206,0.4287286
15.4,76.9,2020-02-01,late,meta,1.0676330885937466,0.3474987
15.4,76.9,2020-03-01,late,meta,1.1939751754138062,0.45148245
15.4,76.9,2020-04-01,late,meta,-0.0826119112149474,-0.38067284
15.4,76.9,2020-06-01,late,meta,-0.1093511975480925,0.016923241
15.4,76.9,2020-09-01,late,meta,1.3052416366309436,0.9555464
15.4,76.9,2020-10-01,late,meta,1.3422848126802436,0.73456067
15.4,76.9,2020-11-01,late,meta,1.3570789427963912,0.4425651
15.4,76.9,2020-12-01,late,meta,1.3543400373754084,0.5820503
15.4,77.15,2019-01-01,late,meta,-1.0801192336182532,-1.3376588
15.4,77.15,2019-02-01,late,meta,-1.3108529365969055,-1.3096613
15.4,77.15,2019-03-01,late,meta,-1.2271791002985206,-1.307786
15.4,77.15,2019-05-01,late,meta,-1.5161208081761892,-0.97103643
15.4,77.15,2019-06-01,late,meta,-0.4330317188867745,-0.6984464
15.4,77.15,2019-07-01,late,meta,-1.0746120091679323,-1.0286198
15.4,77.15,2019-08-01,late,meta,-0.6153113410490731,-0.54057425
15.4,77.15,2019-09-01,late,meta,-0.0978898593849222,0.0070107877
15.4,77.15,2019-10-01,late,meta,0.753228871692019,0.6227173
15.4,77.15,2019-11-01,late,meta,0.7711720540794391,0.6547069
15.4,77.15,2019-12-01,late,meta,0.8031226385412534,0.829012
15.4,77.15,2020-01-01,late,meta,1.2376352406875628,0.60550195
15.4,77.15,2020-02-01,late,meta,1.1789094518731589,0.59842557
15.4,77.15,2020-03-01,late,meta,1.267491297299065,0.616888
15.4,77.15,2020-04-01,late,meta,-0.0392831174626529,-0.16994749
15.4,77.15,2020-06-01,late,meta,0.0228930391346034,0.2711793
15.4,77.15,2020-07-01,late,meta,1.336156711931981,1.0169091
15.4,77.15,2020-09-01,late,meta,1.5169795503972905,1.043044
15.4,77.15,2020-10-01,late,meta,1.475760785050507,0.81682503
15.4,77.15,2020-11-01,late,meta,1.4889845168713218,0.7673696
15.4,77.15,2020-12-01,late,meta,1.4183241760457743,0.9518812
15.4,77.4,2019-01-01,late,meta,-1.0681348802453698,-1.3297198
15.4,77.4,2019-02-01,late,meta,-1.307872966109644,-1.3581355
15.4,77.4,2019-03-01,late,meta,-1.3485500832851234,-1.5155578
15.4,77.4,2019-05-01,late,meta,-1.5798673269933514,-1.0747876
15.4,77.4,2019-06-01,late,meta,-0.4418840057413263,-0.6872705
15.4,77.4,2019-07-01,late,meta,-1.0713940839561384,-1.0188218
15.4,77.4,2019-08-01,late,meta,-0.4269506667662929,-0.3293475
15.4,77.4,2019-09-01,late,meta,0.047685402700035,0.28263122
15.4,77.4,2019-10-01,late,meta,0.706892206448012,0.7244975
15.4,77.4,2019-11-01,late,meta,0.739777664364789,0.62113684
15.4,77.4,2019-12-01,late,meta,0.7899605348948441,0.78525805
15.4,77.4,2020-01-01,late,meta,1.2357621883196264,0.53805715
15.4,77.4,2020-02-01,late,meta,1.140136957682412,0.4975396
15.4,77.4,2020-03-01,late,meta,1.218164527287151,0.56712675
15.4,77.4,2020-04-01,late,meta,0.2188144267319873,-0.023564473
15.4,77.4,2020-06-01,late,meta,0.1008221037040389,0.14466836
15.4,77.4,2020-07-01,late,meta,1.3333649459089747,0.969783
15.4,77.4,2020-09-01,late,meta,1.532379490465461,1.3647883
15.4,77.4,2020-10-01,late,meta,1.552401723118144,1.215427
15.4,77.4,2020-11-01,late,meta,1.6070410741287402,1.0884521
15.4,77.4,2020-12-01,late,meta,1.526899398814891,1.073
15.4,77.65,2019-01-01,late,meta,-1.0800361742264823,-1.3891145
15.4,77.65,2019-02-01,late,meta,-1.2833162737984063,-1.3732812
15.4,77.65,2019-03-01,late,meta,-1.4400433828488817,-1.5213611
15.4,77.65,2019-05-01,late,meta,-1.4806176793740196,-1.0643396
15.4,77.65,2019-06-01,late,meta,-0.350468606053075,-0.56745434
15.4,77.65,2019-07-01,late,meta,-1.019475325668317,-0.9350978
15.4,77.65,2019-08-01,late,meta,-0.3600142070811552,-0.3129636
15.4,77.65,2019-09-01,late,meta,0.0893246097380739,0.25965178
15.4,77.65,2019-10-01,late,meta,0.6370982650269735,0.6602106
15.4,77.65,2019-11-01,late,meta,0.6629463900608581,0.43625438
15.4,77.65,2019-12-01,late,meta,0.7044316292970162,0.6032645
15.4,77.65,2020-01-01,late,meta,1.1716837803117874,0.40318713
15.4,77.65,2020-02-01,late,meta,1.0728324372153688,0.36139452
15.4,77.65,2020-03-01,late,meta,1.083599385629272,0.44695458
15.4,77.65,2020-04-01,late,meta,0.2916275818146115,-0.021695442
15.4,77.65,2020-06-01,late,meta,0.1425555437265945,-0.07614048
15.4,77.65,2020-07-01,late,meta,1.269314221742751,0.8643532
15.4,77.65,2020-09-01,late,meta,1.5880765706552746,1.5628846
15.4,77.65,2020-10-01,late,meta,1.6451188840327535,1.5217801
15.4,77.65,2020-11-01,late,meta,1.706434978732678,1.3055863
15.4,77.65,2020-12-01,late,meta,1.6166380973868173,1.1569341
15.4,77.9,2019-01-01,late,meta,-1.1202278406405113,-1.2519789
15.4,77.9,2019-02-01,late,meta,-1.2758859161592273,-1.3159953
15.4,77.9,2019-03-01,late,meta,-1.4315193085313864,-1.3975844
15.4,77.9,2019-05-01,late,meta,-1.153374202383821,-0.9805967
15.4,77.9,2019-06-01,late,meta,-0.067288088420224,-0.16001016
15.4,77.9,2019-07-01,late,meta,-0.8719634250263321,-0.61040866
15.4,77.9,2019-08-01,late,meta,-0.2639833249800525,-0.086901754
15.4,77.9,2019-09-01,late,meta,0.2155660507530887,0.70020366
15.4,77.9,2019-10-01,late,meta,0.643881223293741,1.0268133
15.4,77.9,2019-11-01,late,meta,0.6545457717824009,0.5176933
15.4,77.9,2019-12-01,late,meta,0.6234498412575612,0.42241096
15.4,77.9,2020-01-01,late,meta,1.0832593635461167,0.3772604
15.4,77.9,2020-02-01,late,meta,0.9934496294000404,0.35986546
15.4,77.9,2020-03-01,late,meta,0.9337194654567398,0.43485656
15.4,77.9,2020-04-01,late,meta,0.0913909182745765,-0.09295896
15.4,77.9,2020-06-01,late,meta,0.0557043874872356,-0.036353577
15.4,77.9,2020-07-01,late,meta,1.1177871835962063,0.936519
15.4,77.9,2020-09-01,late,meta,1.4807676132510998,1.7149241
15.4,77.9,2020-10-01,late,meta,1.590772448814314,1.6947718
15.4,77.9,2020-11-01,late,meta,1.6886775389016202,1.5054708
15.4,77.9,2020-12-01,late,meta,1.594936231434028,1.2743484
15.4,78.15,2019-01-01,late,meta,-1.0552364543978998,-0.8350488
15.4,78.15,2019-02-01,late,meta,-1.1836778310945488,-1.1070383
15.4,78.15,2019-03-01,late,meta,-1.245595942258567,-1.1804826
15.4,78.15,2019-05-01,late,meta,-0.6243369763328135,-0.657341
15.4,78.15,2019-06-01,late,meta,0.1295309559177191,0.29374838
15.4,78.15,2019-07-01,late,meta,-0.8559793957071061,-0.012818787
15.4,78.15,2019-08-01,late,meta,-0.1295321680792309,0.4822032
15.4,78.15,2019-09-01,late,meta,0.264952340273049,1.1877058
15.4,78.15,2019-10-01,late,meta,0.5128925534883759,1.2541722
15.4,78.15,2019-11-01,late,meta,0.5303733916571339,0.5591902
15.4,78.15,2019-12-01,late,meta,0.4333423224709916,0.40354723
15.4,78.15,2020-01-01,late,meta,0.8976068489454466,0.37697777
15.4,78.15,2020-02-01,late,meta,0.7369628429965842,0.22203521
15.4,78.15,2020-03-01,late,meta,0.5312892652285631,0.10904907
15.4,78.15,2020-04-01,late,meta,-0.2553063853915351,-0.5367481
15.4,78.15,2020-06-01,late,meta,-0.0685893762621699,0.07771189
15.4,78.15,2020-07-01,late,meta,0.9071338548256774,1.2489817
15.4,78.15,2020-09-01,late,meta,1.2871690872894128,1.827244
15.4,78.15,2020-10-01,late,meta,1.405730803288222,1.671117
15.4,78.15,2020-11-01,late,meta,1.6111840062416798,1.4808729
15.4,78.15,2020-12-01,late,meta,1.4826283400168905,1.2588056
15.4,78.4,2019-01-01,late,meta,-0.8655102121294354,-0.8427134
15.4,78.4,2019-02-01,late,meta,-1.028229727634085,-1.2537445
15.4,78.4,2019-03-01,late,meta,-1.013798040669636,-1.0880626
15.4,78.4,2019-05-01,late,meta,-0.643066157581568,-0.79866844
15.4,78.4,2019-06-01,late,meta,-0.0994544406133501,-0.0935653
15.4,78.4,2019-07-01,late,meta,-0.9821812227271168,-0.38202593
15.4,78.4,2019-09-01,late,meta,0.3254919168714243,0.98078656
15.4,78.4,2019-10-01,late,meta,0.4625517078082848,0.9431769
15.4,78.4,2019-11-01,late,meta,0.4677465067588413,0.35413006
15.4,78.4,2019-12-01,late,meta,0.419629088077288,0.34270105
15.4,78.4,2020-01-01,late,meta,0.8784618554431953,0.44463333
15.4,78.4,2020-02-01,late,meta,0.6223626634644034,0.29033285
15.4,78.4,2020-03-01,late,meta,0.2392793716331413,-0.20240863
15.4,78.4,2020-04-01,late,meta,-0.3940249715963437,-0.5266854
15.4,78.4,2020-06-01,late,meta,0.1086256043444146,0.26134902
15.4,78.4,2020-07-01,late,meta,0.7365289906459768,1.1909088
15.4,78.4,2020-09-01,late,meta,1.2576252765920048,1.5693679
15.4,78.4,2020-10-01,late,meta,1.2092973527024031,1.2821529
15.4,78.4,2020-11-01,late,meta,1.563895822853561,1.2219172
15.4,78.4,2020-12-01,late,meta,1.359767261200062,1.1097648
15.4,78.65,2019-01-01,late,meta,-0.9248256089950512,-0.8945166
15.4,78.65,2019-02-01,late,meta,-1.1607032879205634,-1.2723624
15.4,78.65,2019-03-01,late,meta,-1.3312047646742915,-1.5169659
15.4,78.65,2019-05-01,late,meta,-0.6899605258660932,-1.0099283
15.4,78.65,2019-06-01,late,meta,-0.3790156788901242,-0.7927692
15.4,78.65,2019-08-01,late,meta,-0.1265646066908557,0.13902305
15.4,78.65,2019-09-01,late,meta,0.6766775117002821,1.0586293
15.4,78.65,2019-10-01,late,meta,0.8887971079230027,1.2404019
15.4,78.65,2019-11-01,late,meta,0.8190391486795543,0.7336302
15.4,78.65,2019-12-01,late,meta,0.8390951702300946,0.8773164
15.4,78.65,2020-01-01,late,meta,1.1820046939201951,0.8906443
15.4,78.65,2020-02-01,late,meta,1.0253944572011966,0.7118477
15.4,78.65,2020-03-01,late,meta,0.5104687556646196,0.33147275
15.4,78.65,2020-04-01,late,meta,-0.2395893564672035,-0.34262747
15.4,78.65,2020-06-01,late,meta,0.3138614526624312,0.20060816
15.4,78.65,2020-07-01,late,meta,0.7806219584872616,0.8876713
15.4,78.65,2020-09-01,late,meta,1.5394585502221578,1.6539594
15.4,78.65,2020-10-01,late,meta,1.418431970653573,1.4035466
15.4,78.65,2020-11-01,late,meta,1.7865817565260351,1.6206126
15.4,78.65,2020-12-01,late,meta,1.5134673732174533,1.4514583
15.4,78.9,2019-01-01,late,meta,-1.133669105891219,-1.00763
15.4,78.9,2019-02-01,late,meta,-1.3366897016395074,-1.0327669
15.4,78.9,2019-03-01,late,meta,-1.5702396669906604,-1.3086838
15.4,78.9,2019-05-01,late,meta,-0.5311687304922376,-0.49561143
15.4,78.9,2019-06-01,late,meta,-0.3711552139614283,-0.3803782
15.4,78.9,2019-08-01,late,meta,-0.2147582547794053,-0.24714628
15.4,78.9,2019-09-01,late,meta,0.8673563514680296,1.0479604
15.4,78.9,2019-10-01,late,meta,1.10833958373243,1.5317061
15.4,78.9,2019-11-01,late,meta,0.9324055075487476,1.0406239
15.4,78.9,2019-12-01,late,meta,1.0471513915463238,1.0130705
15.4,78.9,2020-01-01,late,meta,1.3579198931688448,0.8930103
15.4,78.9,2020-02-01,late,meta,1.2732559654047777,0.73349124
15.4,78.9,2020-03-01,late,meta,0.6968005289074517,0.17565444
15.4,78.9,2020-04-01,late,meta,-0.131919410934993,-0.4894892
15.4,78.9,2020-06-01,late,meta,0.4383743809080379,0.27780372
15.4,78.9,2020-07-01,late,meta,0.7013890213253242,0.60400057
15.4,78.9,2020-09-01,late,meta,1.7068595261737636,1.5867268
15.4,78.9,2020-10-01,late,meta,1.5326528810862077,1.372683
15.4,78.9,2020-11-01,late,meta,1.847114793021109,1.725537
15.4,78.9,2020-12-01,late,meta,1.5934897927020455,1.4228362
15.4,79.15,2019-01-01,late,meta,-1.0432492491439735,-0.8498058
15.4,79.15,2019-02-01,late,meta,-1.341981603160454,-0.99102265
15.4,79.15,2019-03-01,late,meta,-1.5484281703253158,-0.93206984
15.4,79.15,2019-05-01,late,meta,-0.4923566602918657,0.11239061
15.4,79.15,2019-06-01,late,meta,-0.4426655084029608,-0.14685142
15.4,79.15,2019-07-01,late,meta,-0.6742044379226154,-0.39285913
15.4,79.15,2019-08-01,late,meta,-0.1775739239221658,-0.021552287
15.4,79.15,2019-09-01,late,meta,0.7856913611714111,0.87569267
15.4,79.15,2019-10-01,late,meta,1.1525674719508974,1.5620878
15.4,79.15,2019-11-01,late,meta,0.9483026168007472,1.1321496
15.4,79.15,2019-12-01,late,meta,1.169521061081816,1.16858
15.4,79.15,2020-01-01,late,meta,1.5171177739457955,0.91645575
15.4,79.15,2020-02-01,late,meta,1.428047879241179,0.84850144
15.4,79.15,2020-03-01,late,meta,0.9487299194401968,0.19668631
15.4,79.15,2020-04-01,late,meta,0.0190092769623437,-0.47763246
15.4,79.15,2020-06-01,late,meta,0.5082220580114263,0.17223498
15.4,79.15,2020-07-01,late,meta,0.590773801180201,0.45907173
15.4,79.15,2020-09-01,late,meta,1.734240675473123,1.8675889
15.4,79.15,2020-10-01,late,meta,1.5445541471865147,1.734912
15.4,79.15,2020-11-01,late,meta,1.794098236454979,1.9100163
15.4,79.15,2020-12-01,late,meta,1.671280682156744,1.5210841
15.4,79.4,2019-01-01,late,meta,-0.8349175177951563,-0.5829648
15.4,79.4,2019-02-01,late,meta,-1.1822133638435466,-0.8334941
15.4,79.4,2019-03-01,late,meta,-1.3067886417829455,-0.6534868
15.4,79.4,2019-05-01,late,meta,-0.2312135218918228,0.2800125
15.4,79.4,2019-06-01,late,meta,-0.5498061115786599,0.011359425
15.4,79.4,2019-07-01,late,meta,-0.8688164330591447,-0.23325053
15.4,79.4,2019-08-01,late,meta,-0.299275751529437,0.16042471
15.4,79.4,2019-09-01,late,meta,0.5580830249863448,0.8028587
15.4,79.4,2019-10-01,late,meta,1.066713154094672,1.5761868
15.4,79.4,2019-11-01,late,meta,0.8549245027880493,1.1691575
15.4,79.4,2019-12-01,late,meta,1.1368192170721954,1.0873039
15.4,79.4,2020-01-01,late,meta,1.542700735911997,1.0338498
15.4,79.4,2020-02-01,late,meta,1.4291942509695366,1.0191219
15.4,79.4,2020-03-01,late,meta,1.029975555460121,0.60083246
15.4,79.4,2020-04-01,late,meta,0.1015407540119576,-0.34890544
15.4,79.4,2020-06-01,late,meta,0.4218755166550124,0.41906804
15.4,79.4,2020-07-01,late,meta,0.5084366462680584,0.6746799
15.4,79.4,2020-09-01,late,meta,1.664876609500893,2.0982234
15.4,79.4,2020-10-01,late,meta,1.5362137768694328,2.1189787
15.4,79.4,2020-11-01,late,meta,1.7804942471795169,2.2062438
15.4,79.4,2020-12-01,late,meta,1.757394510603229,1.7446096
15.65,76.9,2019-01-01,late,meta,-1.100981695924387,-1.1666881
15.65,76.9,2019-02-01,late,meta,-1.4828738022766768,-1.3025708
15.65,76.9,2019-03-01,late,meta,-1.352823010041149,-1.435921
15.65,76.9,2019-05-01,late,meta,-1.599523418092292,-1.2504171
15.65,76.9,2019-06-01,late,meta,-0.3593635216587264,-0.71182054
15.65,76.9,2019-07-01,late,meta,-0.6344409831020696,-0.57494736
15.65,76.9,2019-08-01,late,meta,-0.2542633882562379,-0.36143476
15.65,76.9,2019-09-01,late,meta,-0.0486165114359309,-0.098626375
15.65,76.9,2019-10-01,late,meta,0.5923656129541962,0.48710728
15.65,76.9,2019-11-01,late,meta,0.6475333227915363,0.41957304
15.65,76.9,2019-12-01,late,meta,0.695949483649495,0.46882808
15.65,76.9,2020-01-01,late,meta,1.1463903378829396,0.34501255
15.65,76.9,2020-02-01,late,meta,1.0045656051866052,0.2757061
15.65,76.9,2020-03-01,late,meta,1.1624757994972896,0.3526614
15.65,76.9,2020-04-01,late,meta,0.1565105571005927,-0.30966595
15.65,76.9,2020-06-01,late,meta,0.0041385368910045,0.15292892
15.65,76.9,2020-09-01,late,meta,1.3480764996428638,1.0301255
15.65,76.9,2020-10-01,late,meta,1.3748756055753004,0.7970708
15.65,76.9,2020-11-01,late,meta,1.3983749725254355,0.5780784
15.65,76.9,2020-12-01,late,meta,1.4316189247788724,0.7352109
15.65,77.15,2019-01-01,late,meta,-1.003871643891615,-1.0483505
15.65,77.15,2019-02-01,late,meta,-1.3547987288336785,-1.2741547
15.65,77.15,2019-03-01,late,meta,-1.2222061934450157,-1.1821265
15.65,77.15,2019-05-01,late,meta,-1.6563708727092863,-0.8496451
15.65,77.15,2019-06-01,late,meta,-0.4937956825106852,-0.6537053
15.65,77.15,2019-07-01,late,meta,-0.9420990392595648,-0.74235874
15.65,77.15,2019-08-01,late,meta,-0.4439062640153063,-0.4476985
15.65,77.15,2019-09-01,late,meta,-0.0342757308686026,0.059404552
15.65,77.15,2019-10-01,late,meta,0.6604148582566326,0.56438786
15.65,77.15,2019-11-01,late,meta,0.7285670422685232,0.6429195
15.65,77.15,2019-12-01,late,meta,0.8008443855712276,0.7118738
15.65,77.15,2020-01-01,late,meta,1.2439494357554586,0.49555105
15.65,77.15,2020-02-01,late,meta,1.1085296320994948,0.45544726
15.65,77.15,2020-03-01,late,meta,1.2471327765617946,0.54183495
15.65,77.15,2020-04-01,late,meta,0.200784136902561,0.061311226
15.65,77.15,2020-06-01,late,meta,0.1394461886279856,0.47151285
15.65,77.15,2020-07-01,late,meta,1.2811797979486803,1.1915592
15.65,77.15,2020-09-01,late,meta,1.52436286193069,1.0826718
15.65,77.15,2020-10-01,late,meta,1.4854299547790055,0.91799456
15.65,77.15,2020-11-01,late,meta,1.5178280008862033,0.9842589
15.65,77.15,2020-12-01,late,meta,1.4991984373239888,1.0957959
15.65,77.4,2019-01-01,late,meta,-0.9976989023236396,-1.0276605
15.65,77.4,2019-02-01,late,meta,-1.4283140067247355,-1.3974559
15.65,77.4,2019-03-01,late,meta,-1.2835429577180548,-1.1820159
15.65,77.4,2019-05-01,late,meta,-1.71057413321427,-0.81537867
15.65,77.4,2019-06-01,late,meta,-0.6113547005796571,-0.84233224
15.65,77.4,2019-07-01,late,meta,-1.1833512705807685,-0.9589568
15.65,77.4,2019-08-01,late,meta,-0.6980064028355429,-0.5301115
15.65,77.4,2019-09-01,late,meta,-0.0580039286403895,0.112992615
15.65,77.4,2019-10-01,late,meta,0.6192948617352209,0.6009269
15.65,77.4,2019-11-01,late,meta,0.6927251593683513,0.5941021
15.65,77.4,2019-12-01,late,meta,0.777103756558913,0.7168646
15.65,77.4,2020-01-01,late,meta,1.253106465133411,0.44631767
15.65,77.4,2020-02-01,late,meta,1.1005967139165618,0.43145415
15.65,77.4,2020-03-01,late,meta,1.1548791699529293,0.47504228
15.65,77.4,2020-04-01,late,meta,0.1536028851881149,0.061766084
15.65,77.4,2020-06-01,late,meta,0.2247947993017611,0.42236102
15.65,77.4,2020-07-01,late,meta,1.3171940665734465,1.2549429
15.65,77.4,2020-09-01,late,meta,1.7403137362598529,1.4042541
15.65,77.4,2020-10-01,late,meta,1.5920231424818372,1.0948622
15.65,77.4,2020-11-01,late,meta,1.6525599036236382,1.1634773
15.65,77.4,2020-12-01,late,meta,1.584691535950741,1.2464595
15.65,77.65,2019-01-01,late,meta,-1.02433739372488,-1.1677309
15.65,77.65,2019-02-01,late,meta,-1.426417935257386,-1.4419773
15.65,77.65,2019-03-01,late,meta,-1.401770165688347,-1.478607
15.65,77.65,2019-05-01,late,meta,-1.590890881014189,-1.0304838
15.65,77.65,2019-06-01,late,meta,-0.511620704639888,-0.8095336
15.65,77.65,2019-07-01,late,meta,-1.1390777910585523,-1.072468
15.65,77.65,2019-08-01,late,meta,-0.6476295798178455,-0.57342243
15.65,77.65,2019-09-01,late,meta,-0.0188548995304337,0.12914848
15.65,77.65,2019-10-01,late,meta,0.5537732439651202,0.5429945
15.65,77.65,2019-11-01,late,meta,0.6211887489330372,0.37689346
15.65,77.65,2019-12-01,late,meta,0.6974093623183606,0.522263
15.65,77.65,2020-01-01,late,meta,1.2105140910211716,0.3724543
15.65,77.65,2020-02-01,late,meta,1.048149860146322,0.35755077
15.65,77.65,2020-03-01,late,meta,1.0359769506811531,0.4052916
15.65,77.65,2020-04-01,late,meta,0.2170646552844843,-0.002211053
15.65,77.65,2020-06-01,late,meta,0.2631646451963828,0.18343821
15.65,77.65,2020-07-01,late,meta,1.261905058580958,1.1502444
15.65,77.65,2020-09-01,late,meta,1.7887077220116183,1.7038736
15.65,77.65,2020-10-01,late,meta,1.694539251654017,1.350576
15.65,77.65,2020-11-01,late,meta,1.768095962107428,1.2386234
15.65,77.65,2020-12-01,late,meta,1.6859998492903108,1.2857143
15.65,77.9,2019-01-01,late,meta,-0.9519258757487822,-1.1160551
15.65,77.9,2019-02-01,late,meta,-1.312073011916684,-1.3532175
15.65,77.9,2019-03-01,late,meta,-1.3507874296436255,-1.2769874
15.65,77.9,2019-05-01,late,meta,-1.253315438214082,-0.90879035
15.65,77.9,2019-06-01,late,meta,-0.2610672759759606,-0.45206273
15.65,77.9,2019-07-01,late,meta,-1.041109347561464,-0.9672663
15.65,77.9,2019-08-01,late,meta,-0.5280957272608079,-0.68984795
15.65,77.9,2019-09-01,late,meta,0.0572239403921198,0.039230548
15.65,77.9,2019-10-01,late,meta,0.518158346135637,0.3770515
15.65,77.9,2019-11-01,late,meta,0.5584568165862372,0.21932182
15.65,77.9,2019-12-01,late,meta,0.580627580645822,0.30760983
15.65,77.9,2020-01-01,late,meta,1.08625445465884,0.26634023
15.65,77.9,2020-02-01,late,meta,0.9447018525666944,0.31241354
15.65,77.9,2020-03-01,late,meta,0.842633289532589,0.33286488
15.65,77.9,2020-04-01,late,meta,0.0092120469655611,0.0026351362
15.65,77.9,2020-06-01,late,meta,0.2889218759415139,0.1749421
15.65,77.9,2020-07-01,late,meta,1.2874948509526338,1.1265302
15.65,77.9,2020-09-01,late,meta,1.788721139805865,1.8038511
15.65,77.9,2020-10-01,late,meta,1.711075554374557,1.4835635
15.65,77.9,2020-11-01,late,meta,1.7879871501785027,1.372042
15.65,77.9,2020-12-01,late,meta,1.6929858999531673,1.4011921
15.65,78.15,2019-01-01,late,meta,-0.8773091749638735,-0.87584394
15.65,78.15,2019-02-01,late,meta,-1.210328088773334,-1.1560074
15.65,78.15,2019-03-01,late,meta,-1.1583091355104334,-1.0041139
15.65,78.15,2019-05-01,late,meta,-0.6669498274920185,-0.6041444
15.65,78.15,2019-06-01,late,meta,-0.0402848737893433,0.0574293
15.65,78.15,2019-07-01,late,meta,-1.000895750693816,-0.48374465
15.65,78.15,2019-08-01,late,meta,-0.3727464943558387,-0.07681805
15.65,78.15,2019-09-01,late,meta,0.1108440971242924,0.6052064
15.65,78.15,2019-10-01,late,meta,0.3836523106473244,0.59891176
15.65,78.15,2019-11-01,late,meta,0.4237598729517964,0.26040542
15.65,78.15,2019-12-01,late,meta,0.379835927519272,0.24948187
15.65,78.15,2020-01-01,late,meta,0.8813960512301662,0.36536145
15.65,78.15,2020-02-01,late,meta,0.6776914626281613,0.2622359
15.65,78.15,2020-03-01,late,meta,0.4346270053472861,0.049995318
15.65,78.15,2020-04-01,late,meta,-0.3803328766905031,-0.29760936
15.65,78.15,2020-06-01,late,meta,0.1347327797769633,0.3839854
15.65,78.15,2020-07-01,late,meta,1.0924972472408676,1.42561
15.65,78.15,2020-09-01,late,meta,1.6225511305639522,1.9768894
15.65,78.15,2020-10-01,late,meta,1.5498251275686812,1.5086659
15.65,78.15,2020-11-01,late,meta,1.7203525440007263,1.3441672
15.65,78.15,2020-12-01,late,meta,1.588122193600232,1.4832203
15.65,78.4,2019-01-01,late,meta,-0.7521897332983644,-0.6675355
15.65,78.4,2019-02-01,late,meta,-1.160743831483694,-1.1863143
15.65,78.4,2019-03-01,late,meta,-1.065658180138254,-1.0899855
15.65,78.4,2019-05-01,late,meta,-0.6061005014080263,-0.7188759
15.65,78.4,2019-06-01,late,meta,-0.1125574165651228,-0.19873485
15.65,78.4,2019-07-01,late,meta,-0.8152202721386853,-0.4315116
15.65,78.4,2019-08-01,late,meta,0.122402648643933,0.37277582
15.65,78.4,2019-09-01,late,meta,0.4318454974368632,1.05739
15.65,78.4,2019-10-01,late,meta,0.5515291982908693,0.94696116
15.65,78.4,2019-11-01,late,meta,0.6015409404733894,0.4870736
15.65,78.4,2019-12-01,late,meta,0.5554144241994706,0.55523866
15.65,78.4,2020-01-01,late,meta,0.9837148055887094,0.644722
15.65,78.4,2020-02-01,late,meta,0.6197552831263828,0.31867534
15.65,78.4,2020-03-01,late,meta,0.2871823471382357,-0.1752386
15.65,78.4,2020-04-01,late,meta,-0.5253153911806699,-0.5757682
15.65,78.4,2020-06-01,late,meta,0.1872615406011925,0.24246955
15.65,78.4,2020-07-01,late,meta,0.8675484151823718,1.2359351
15.65,78.4,2020-09-01,late,meta,1.5905269234022914,1.8895975
15.65,78.4,2020-10-01,late,meta,1.5519979268176485,1.5431728
15.65,78.4,2020-11-01,late,meta,1.7630783965183172,1.3917171
15.65,78.4,2020-12-01,late,meta,1.5754399861056092,1.4315
15.65,78.65,2019-01-01,late,meta,-0.8430389318492245,-0.69778395
15.65,78.65,2019-02-01,late,meta,-1.3008918020368636,-1.3526782
15.65,78.65,2019-03-01,late,meta,-1.3798848847254288,-1.6296518
15.65,78.65,2019-05-01,late,meta,-0.7221929891732827,-0.85590976
15.65,78.65,2019-06-01,late,meta,-0.4202844923595569,-0.8163602
15.65,78.65,2019-07-01,late,meta,-0.7544082454092409,-0.73877764
15.65,78.65,2019-08-01,late,meta,0.1293644518711654,0.23067793
15.65,78.65,2019-09-01,late,meta,0.7509132365086465,1.16007
15.65,78.65,2019-10-01,late,meta,0.9385186195767564,1.2483522
15.65,78.65,2019-11-01,late,meta,0.9399870784822778,0.8083675
15.65,78.65,2019-12-01,late,meta,0.9541186316192996,1.0014049
15.65,78.65,2020-01-01,late,meta,1.288154200938351,0.93786013
15.65,78.65,2020-02-01,late,meta,1.0230370742993575,0.6261992
15.65,78.65,2020-03-01,late,meta,0.564586417445341,0.16189305
15.65,78.65,2020-04-01,late,meta,-0.3189850844028149,-0.5319643
15.65,78.65,2020-06-01,late,meta,0.3688833690319198,0.3060823
15.65,78.65,2020-07-01,late,meta,0.8788135100496108,1.0590483
15.65,78.65,2020-09-01,late,meta,1.789506042150277,1.9661115
15.65,78.65,2020-10-01,late,meta,1.690392992840651,1.7238655
15.65,78.65,2020-11-01,late,meta,1.933654687670236,1.8778094
15.65,78.65,2020-12-01,late,meta,1.6832485014617893,1.6019485
15.65,78.9,2019-01-01,late,meta,-0.97125203520645,-1.0011325
15.65,78.9,2019-02-01,late,meta,-1.407522496254598,-1.1443226
15.65,78.9,2019-03-01,late,meta,-1.576122199761226,-1.3516022
15.65,78.9,2019-05-01,late,meta,-0.5007346961906527,-0.54446095
15.65,78.9,2019-06-01,late,meta,-0.4052644533225843,-0.54462135
15.65,78.9,2019-07-01,late,meta,-0.5788741714021582,-0.7436481
15.65,78.9,2019-08-01,late,meta,0.0565079933983148,-0.1994704
15.65,78.9,2019-09-01,late,meta,0.9536560982007386,1.0389467
15.65,78.9,2019-10-01,late,meta,1.1174478480284278,1.4009945
15.65,78.9,2019-11-01,late,meta,1.014324218060514,0.9548511
15.65,78.9,2019-12-01,late,meta,1.121325815789823,0.9940509
15.65,78.9,2020-01-01,late,meta,1.4250997754324592,0.8469199
15.65,78.9,2020-02-01,late,meta,1.2656113459620095,0.6557243
15.65,78.9,2020-03-01,late,meta,0.634710117449487,0.03153552
15.65,78.9,2020-04-01,late,meta,-0.296629262161955,-0.63704586
15.65,78.9,2020-06-01,late,meta,0.3673735034448243,0.15954044
15.65,78.9,2020-07-01,late,meta,0.7124495512849145,0.617271
15.65,78.9,2020-09-01,late,meta,1.9064081888885227,1.7382892
15.65,78.9,2020-10-01,late,meta,1.7601537867994992,1.6069379
15.65,78.9,2020-11-01,late,meta,2.0129955347334576,1.867752
15.65,78.9,2020-12-01,late,meta,1.8287939771650288,1.5463555
15.65,79.15,2019-01-01,late,meta,-0.886086915997287,-0.66811943
15.65,79.15,2019-02-01,late,meta,-1.4178624532911963,-0.9793746
15.65,79.15,2019-03-01,late,meta,-1.4964934516131931,-0.87926155
15.65,79.15,2019-05-01,late,meta,-0.3424543400485153,0.23159589
15.65,79.15,2019-06-01,late,meta,-0.3992571579426706,-0.077081025
15.65,79.15,2019-07-01,late,meta,-0.5373080350500146,-0.33570272
15.65,79.15,2019-08-01,late,meta,0.0884199206583297,0.1508951
15.65,79.15,2019-09-01,late,meta,0.8684879636659015,1.1177219
15.65,79.15,2019-10-01,late,meta,1.14114218614229,1.617959
15.65,79.15,2019-11-01,late,meta,1.0019519424020693,1.1968617
15.65,79.15,2019-12-01,late,meta,1.2020358834082214,1.2319909
15.65,79.15,2020-01-01,late,meta,1.573093860933338,0.93989766
15.65,79.15,2020-02-01,late,meta,1.4152102502360222,0.7318009
15.65,79.15,2020-03-01,late,meta,0.8755223311439007,0.05026839
15.65,79.15,2020-04-01,late,meta,-0.1024847044635132,-0.6531533
15.65,79.15,2020-06-01,late,meta,0.4061307241113491,0.08201069
15.65,79.15,2020-07-01,late,meta,0.5791191659672608,0.48111883
15.65,79.15,2020-09-01,late,meta,1.898834234690161,2.0268624
15.65,79.15,2020-10-01,late,meta,1.7576941026320585,1.9782001
15.65,79.15,2020-11-01,late,meta,1.9728918870101249,2.0604231
15.65,79.15,2020-12-01,late,meta,1.894093354951637,1.7280328
15.65,79.4,2019-01-01,late,meta,-0.7633814372879806,-0.40756387
15.65,79.4,2019-02-01,late,meta,-1.3936760612171089,-1.0590249
15.65,79.4,2019-03-01,late,meta,-1.279411832304837,-0.6387916
15.65,79.4,2019-05-01,late,meta,0.0280652927072512,0.5079166
15.65,79.4,2019-06-01,late,meta,-0.3301733032011306,0.25930452
15.65,79.4,2019-07-01,late,meta,-0.6868486148511296,0.03480784
15.65,79.4,2019-08-01,late,meta,-0.0346659713953059,0.54100174
15.65,79.4,2019-09-01,late,meta,0.6666311490750212,1.2083848
15.65,79.4,2019-10-01,late,meta,1.070557087565824,1.699045
15.65,79.4,2019-11-01,late,meta,0.9407549374467966,1.2666286
15.65,79.4,2019-12-01,late,meta,1.1805381535489978,1.1369576
15.65,79.4,2020-01-01,late,meta,1.6563009007962592,1.0836546
15.65,79.4,2020-02-01,late,meta,1.5019608844878465,1.0501914
15.65,79.4,2020-03-01,late,meta,1.089709845441945,0.6406659
15.65,79.4,2020-04-01,late,meta,0.1205653754651585,-0.2789656
15.65,79.4,2020-06-01,late,meta,0.4443760619528958,0.52843744
15.65,79.4,2020-07-01,late,meta,0.6044235556955158,0.92405343
15.65,79.4,2020-09-01,late,meta,1.8565944946969288,2.407901
15.65,79.4,2020-10-01,late,meta,1.7303582801456583,2.3835669
15.65,79.4,2020-11-01,late,meta,1.9454286653925712,2.2548745
15.65,79.4,2020-12-01,late,meta,1.912810431349871,1.912716
15.9,76.9,2019-01-01,late,meta,-1.1736359895156174,-1.1333382
15.9,76.9,2019-02-01,late,meta,-1.5816256272021951,-1.3756723
15.9,76.9,2019-03-01,late,meta,-1.44993674007821,-1.4871091
15.9,76.9,2019-05-01,late,meta,-1.417366347393669,-0.9963936
15.9,76.9,2019-06-01,late,meta,-0.0033552766272162,-0.0481784
15.9,76.9,2019-07-01,late,meta,-0.289055617923665,-0.2718531
15.9,76.9,2019-08-01,late,meta,-0.0239776658079188,-0.1734105
15.9,76.9,2019-09-01,late,meta,0.1208921460974034,0.11407144
15.9,76.9,2019-10-01,late,meta,0.7332161439237804,0.53476995
15.9,76.9,2019-11-01,late,meta,0.7963878874654597,0.558353
15.9,76.9,2019-12-01,late,meta,0.760890925991386,0.40863702
15.9,76.9,2020-01-01,late,meta,1.2077173934889829,0.31069934
15.9,76.9,2020-02-01,late,meta,1.073968577896655,0.35944292
15.9,76.9,2020-03-01,late,meta,1.1949344825946246,0.50216216
15.9,76.9,2020-04-01,late,meta,0.1953788049549598,-0.135558
15.9,76.9,2020-06-01,late,meta,-0.0521871000773325,0.21929634
15.9,76.9,2020-09-01,late,meta,1.510098444930207,1.235008
15.9,76.9,2020-10-01,late,meta,1.542669514345168,1.1314936
15.9,76.9,2020-11-01,late,meta,1.556256149220724,1.0089546
15.9,76.9,2020-12-01,late,meta,1.6235893241078492,1.1212516
15.9,77.15,2019-01-01,late,meta,-1.0176518765103313,-0.8373983
15.9,77.15,2019-02-01,late,meta,-1.5859795686198637,-1.2953569
15.9,77.15,2019-03-01,late,meta,-1.3916179460717597,-1.2139266
15.9,77.15,2019-05-01,late,meta,-1.4955765890522852,-0.7740239
15.9,77.15,2019-06-01,late,meta,-0.5930429800440655,-0.4384548
15.9,77.15,2019-07-01,late,meta,-0.8432931479111715,-0.54733205
15.9,77.15,2019-08-01,late,meta,-0.391463084104749,-0.35413373
15.9,77.15,2019-09-01,late,meta,-0.0653078720469003,0.16471298
15.9,77.15,2019-10-01,late,meta,0.513185447771235,0.5333271
15.9,77.15,2019-11-01,late,meta,0.6240349282072374,0.39959177
15.9,77.15,2019-12-01,late,meta,0.7387723933978917,0.4519684
15.9,77.15,2020-01-01,late,meta,1.2318876638247471,0.37600464
15.9,77.15,2020-02-01,late,meta,1.0249029308259032,0.33074173
15.9,77.15,2020-03-01,late,meta,1.1305659612363417,0.340606
15.9,77.15,2020-04-01,late,meta,0.2353166845392519,-0.08882229
15.9,77.15,2020-06-01,late,meta,0.1408252578729956,0.41933477
15.9,77.15,2020-07-01,late,meta,1.2448589113839357,1.2846671
15.9,77.15,2020-09-01,late,meta,1.59000042199526,1.4221044
15.9,77.15,2020-10-01,late,meta,1.622488375459958,1.229302
15.9,77.15,2020-11-01,late,meta,1.6676922728579626,1.1934705
15.9,77.15,2020-12-01,late,meta,1.7096105680714109,1.3154831
15.9,77.4,2019-01-01,late,meta,-1.0190384776174009,-0.8283579
15.9,77.4,2019-02-01,late,meta,-1.6670078056039548,-1.4419619
15.9,77.4,2019-03-01,late,meta,-1.4602332727775218,-1.2129394
15.9,77.4,2019-05-01,late,meta,-1.5934816786568635,-0.76302075
15.9,77.4,2019-06-01,late,meta,-0.7240377261935608,-0.6533656
15.9,77.4,2019-07-01,late,meta,-1.0752526585584905,-0.7327933
15.9,77.4,2019-08-01,late,meta,-0.6299695262431421,-0.43098494
15.9,77.4,2019-09-01,late,meta,-0.098344057657329,0.2319081
15.9,77.4,2019-10-01,late,meta,0.4628437730067066,0.5578493
15.9,77.4,2019-11-01,late,meta,0.5770441181200828,0.40651807
15.9,77.4,2019-12-01,late,meta,0.7176651836983821,0.4773499
15.9,77.4,2020-01-01,late,meta,1.2470734270173662,0.3460378
15.9,77.4,2020-02-01,late,meta,1.019258931249042,0.3311087
15.9,77.4,2020-03-01,late,meta,1.0362606314697091,0.2581868
15.9,77.4,2020-04-01,late,meta,0.1840340040796563,-0.071522
15.9,77.4,2020-06-01,late,meta,0.2295652987768049,0.44908494
15.9,77.4,2020-07-01,late,meta,1.2766650685157208,1.4067284
15.9,77.4,2020-09-01,late,meta,1.7858325888825368,1.7502853
15.9,77.4,2020-10-01,late,meta,1.7102606152143056,1.4044931
15.9,77.4,2020-11-01,late,meta,1.7838858478821138,1.3680607
15.9,77.4,2020-12-01,late,meta,1.7820309497861095,1.4561737
15.9,77.65,2019-01-01,late,meta,-1.0156894018236489,-0.82866985
15.9,77.65,2019-02-01,late,meta,-1.7185768420434706,-1.5834234
15.9,77.65,2019-03-01,late,meta,-1.6131127475845544,-1.2304382
15.9,77.65,2019-05-01,late,meta,-1.6057414021592131,-0.720867
15.9,77.65,2019-06-01,late,meta,-0.6409255398411237,-0.6362305
15.9,77.65,2019-07-01,late,meta,-1.0703238436112543,-0.8091553
15.9,77.65,2019-08-01,late,meta,-0.6256356678401992,-0.4742131
15.9,77.65,2019-09-01,late,meta,0.0134162991369028,0.26953027
15.9,77.65,2019-10-01,late,meta,0.4041150925781413,0.4291924
15.9,77.65,2019-11-01,late,meta,0.5092009085678301,0.3022314
15.9,77.65,2019-12-01,late,meta,0.6219400403237303,0.34793416
15.9,77.65,2020-01-01,late,meta,1.1562181313560398,0.31557882
15.9,77.65,2020-02-01,late,meta,0.9196664662251196,0.30732253
15.9,77.65,2020-03-01,late,meta,0.7836781868261528,0.028378384
15.9,77.65,2020-04-01,late,meta,0.1816479613435317,-0.24012595
15.9,77.65,2020-06-01,late,meta,0.3051963365695984,0.3327352
15.9,77.65,2020-07-01,late,meta,1.249415096814608,1.3875515
15.9,77.65,2020-09-01,late,meta,1.9139076099554544,1.9190553
15.9,77.65,2020-10-01,late,meta,1.7305703339049805,1.46353
15.9,77.65,2020-11-01,late,meta,1.8178000619788484,1.4143088
15.9,77.65,2020-12-01,late,meta,1.7970215804816558,1.5102159
15.9,77.9,2019-01-01,late,meta,-0.9511540562722892,-0.85736597
15.9,77.9,2019-02-01,late,meta,-1.6054417957674476,-1.4104805
15.9,77.9,2019-03-01,late,meta,-1.5741732258014565,-1.1249906
15.9,77.9,2019-05-01,late,meta,-1.1915738359703498,-0.5658533
15.9,77.9,2019-06-01,late,meta,-0.3759894383316848,-0.20311251
15.9,77.9,2019-07-01,late,meta,-0.9963240697127304,-0.7027189
15.9,77.9,2019-08-01,late,meta,-0.5399913911763676,-0.40874138
15.9,77.9,2019-09-01,late,meta,0.0900735003962429,0.2842057
15.9,77.9,2019-10-01,late,meta,0.3827845024045798,0.33162433
15.9,77.9,2019-11-01,late,meta,0.4612642388051344,0.20185865
15.9,77.9,2019-12-01,late,meta,0.512883157287516,0.21053065
15.9,77.9,2020-01-01,late,meta,1.0396710662701278,0.3540086
15.9,77.9,2020-02-01,late,meta,0.8217711439478064,0.2980198
15.9,77.9,2020-03-01,late,meta,0.5899677235862827,-0.036381267
15.9,77.9,2020-04-01,late,meta,-0.0598805251782351,-0.27204698
15.9,77.9,2020-06-01,late,meta,0.3195767742115964,0.40220457
15.9,77.9,2020-07-01,late,meta,1.3049008552041983,1.4530603
15.9,77.9,2020-09-01,late,meta,1.9290030406664755,2.0784202
15.9,77.9,2020-10-01,late,meta,1.7673228495985025,1.6054382
15.9,77.9,2020-11-01,late,meta,1.862295412175136,1.5301691
15.9,77.9,2020-12-01,late,meta,1.8216392434560105,1.6679149
15.9,78.15,2019-01-01,late,meta,-0.8056501056334419,-0.8551891
15.9,78.15,2019-02-01,late,meta,-1.4179913971673326,-1.1991596
15.9,78.15,2019-03-01,late,meta,-1.3741434104994847,-1.0648574
15.9,78.15,2019-05-01,late,meta,-0.8927693439003375,-0.4057611
15.9,78.15,2019-06-01,late,meta,-0.2855892055329833,-0.04849976
15.9,78.15,2019-07-01,late,meta,-0.9043736528242714,-0.6457486
15.9,78.15,2019-08-01,late,meta,-0.2577107098656099,-0.23674485
15.9,78.15,2019-09-01,late,meta,0.227996604492652,0.4055945
15.9,78.15,2019-10-01,late,meta,0.4248573307009722,0.4511551
15.9,78.15,2019-11-01,late,meta,0.4989050513105697,0.2565641
15.9,78.15,2019-12-01,late,meta,0.5247660820317335,0.30571067
15.9,78.15,2020-01-01,late,meta,0.9749547503673,0.48417163
15.9,78.15,2020-02-01,late,meta,0.6957234828939606,0.24676135
15.9,78.15,2020-03-01,late,meta,0.4445419529011107,-0.10164598
15.9,78.15,2020-04-01,late,meta,-0.2697998948775666,-0.33427224
15.9,78.15,2020-06-01,late,meta,0.3312147410945693,0.46714035
15.9,78.15,2020-07-01,late,meta,1.3356086110505638,1.4905291
15.9,78.15,2020-09-01,late,meta,1.986000902460624,2.2030592
15.9,78.15,2020-10-01,late,meta,1.8438099118851807,1.7976146
15.9,78.15,2020-11-01,late,meta,1.9606559133516048,1.6394168
15.9,78.15,2020-12-01,late,meta,1.8841609912905903,1.7408842
15.9,78.4,2019-01-01,late,meta,-0.6752112431443043,-0.64567685
15.9,78.4,2019-02-01,late,meta,-1.3768932172061463,-1.2681147
15.9,78.4,2019-03-01,late,meta,-1.2920189623114733,-1.2347059
15.9,78.4,2019-05-01,late,meta,-0.8293442970450318,-0.5278504
15.9,78.4,2019-06-01,late,meta,-0.3569577137265988,-0.33995202
15.9,78.4,2019-07-01,late,meta,-0.7282605679510132,-0.5844073
15.9,78.4,2019-08-01,late,meta,0.2072823187721076,0.1750163
15.9,78.4,2019-09-01,late,meta,0.5147096410197418,0.9247494
15.9,78.4,2019-10-01,late,meta,0.584465568273906,0.8190435
15.9,78.4,2019-11-01,late,meta,0.6726043735620219,0.4959153
15.9,78.4,2019-12-01,late,meta,0.6944141049668948,0.604949
15.9,78.4,2020-01-01,late,meta,1.0822343801133705,0.707414
15.9,78.4,2020-02-01,late,meta,0.6421469425716789,0.3663035
15.9,78.4,2020-03-01,late,meta,0.3034681008669093,-0.22668679
15.9,78.4,2020-04-01,late,meta,-0.4233735710485291,-0.6214527
15.9,78.4,2020-06-01,late,meta,0.4109823918909404,0.338235
15.9,78.4,2020-07-01,late,meta,1.1190031797393485,1.4227245
15.9,78.4,2020-09-01,late,meta,1.9562638942418564,2.1910827
15.9,78.4,2020-10-01,late,meta,1.8724683900555648,1.8719364
15.9,78.4,2020-11-01,late,meta,2.0222849984030984,1.7280092
15.9,78.4,2020-12-01,late,meta,1.879880344476472,1.6684887
15.9,78.65,2019-01-01,late,meta,-0.8008473681398528,-0.6415399
15.9,78.65,2019-02-01,late,meta,-1.4267874453552964,-1.4725921
15.9,78.65,2019-03-01,late,meta,-1.4661210133219618,-1.6941444
15.9,78.65,2019-05-01,late,meta,-0.7522002415770115,-0.57104486
15.9,78.65,2019-06-01,late,meta,-0.4480412121346132,-0.6951982
15.9,78.65,2019-07-01,late,meta,-0.6284259512856841,-0.6303616
15.9,78.65,2019-08-01,late,meta,0.3951548787259816,0.39667702
15.9,78.65,2019-09-01,late,meta,0.7633998649417012,1.19385
15.9,78.65,2019-10-01,late,meta,0.9114521044375664,1.1970799
15.9,78.65,2019-11-01,late,meta,0.9680685575252572,0.91798824
15.9,78.65,2019-12-01,late,meta,1.0072398329455796,1.1149367
15.9,78.65,2020-01-01,late,meta,1.3798195537978484,0.9874441
15.9,78.65,2020-02-01,late,meta,0.9827095685254608,0.5986115
15.9,78.65,2020-03-01,late,meta,0.6679838531727155,-0.113582894
15.9,78.65,2020-04-01,late,meta,-0.3353731839016174,-0.62809736
15.9,78.65,2020-06-01,late,meta,0.481653672959591,0.53055006
15.9,78.65,2020-07-01,late,meta,0.9238216066491732,1.1852561
15.9,78.65,2020-09-01,late,meta,1.99945865240612,2.2861989
15.9,78.65,2020-10-01,late,meta,1.8740436029518548,2.1350389
15.9,78.65,2020-11-01,late,meta,2.023055092820844,2.3641768
15.9,78.65,2020-12-01,late,meta,1.8660351547699807,2.0688856
15.9,78.9,2019-01-01,late,meta,-0.9410591308295536,-0.86305904
15.9,78.9,2019-02-01,late,meta,-1.542663800295362,-1.3792529
15.9,78.9,2019-03-01,late,meta,-1.634824416684613,-1.58308
15.9,78.9,2019-05-01,late,meta,-0.4420226389770064,-0.30340472
15.9,78.9,2019-06-01,late,meta,-0.4002457897959303,-0.4189804
15.9,78.9,2019-07-01,late,meta,-0.4975322144069987,-0.54949826
15.9,78.9,2019-08-01,late,meta,0.3157337596500739,-0.013854271
15.9,78.9,2019-09-01,late,meta,0.9205530387276868,1.0831124
15.9,78.9,2019-10-01,late,meta,1.060380258023453,1.3576379
15.9,78.9,2019-11-01,late,meta,1.041932150075065,0.9026107
15.9,78.9,2019-12-01,late,meta,1.149989721220559,1.0404975
15.9,78.9,2020-01-01,late,meta,1.5175274548179332,0.8921605
15.9,78.9,2020-02-01,late,meta,1.2424588489157964,0.6084206
15.9,78.9,2020-03-01,late,meta,0.741858811733768,-0.014984218
15.9,78.9,2020-04-01,late,meta,-0.2793107464910231,-0.6156548
15.9,78.9,2020-06-01,late,meta,0.4506879020811905,0.3332962
15.9,78.9,2020-07-01,late,meta,0.7662240533924208,0.631724
15.9,78.9,2020-09-01,late,meta,2.098878247911591,2.0541015
15.9,78.9,2020-10-01,late,meta,1.9126133493857664,1.9756753
15.9,78.9,2020-11-01,late,meta,2.103106469294903,2.3498595
15.9,78.9,2020-12-01,late,meta,1.991523379853111,2.0031042
15.9,79.15,2019-01-01,late,meta,-0.8532588205741344,-0.5512767
15.9,79.15,2019-02-01,late,meta,-1.4375828135063342,-0.85562426
15.9,79.15,2019-03-01,late,meta,-1.3156171562782737,-0.79907334
15.9,79.15,2019-05-01,late,meta,0.1258313397331232,0.3912008
15.9,79.15,2019-06-01,late,meta,-0.145171908185084,0.13566098
15.9,79.15,2019-07-01,late,meta,-0.5465705191127959,-0.39064908
15.9,79.15,2019-08-01,late,meta,0.0311324657834767,0.102681085
15.9,79.15,2019-09-01,late,meta,0.7158132574545771,1.2086624
15.9,79.15,2019-10-01,late,meta,0.9769783671524704,1.6012975
15.9,79.15,2019-11-01,late,meta,0.8666057358700907,1.1073438
15.9,79.15,2019-12-01,late,meta,1.0464361738162014,1.1103603
15.9,79.15,2020-01-01,late,meta,1.5061155462442792,0.86886114
15.9,79.15,2020-02-01,late,meta,1.320970970985209,0.6503012
15.9,79.15,2020-03-01,late,meta,0.859807588731869,0.041612804
15.9,79.15,2020-04-01,late,meta,-0.0752596616736788,-0.7117627
15.9,79.15,2020-06-01,late,meta,0.299022301247153,0.07508358
15.9,79.15,2020-07-01,late,meta,0.5747401422594703,0.5102341
15.9,79.15,2020-09-01,late,meta,2.0336088644636163,2.2154276
15.9,79.15,2020-10-01,late,meta,1.8441231686792765,2.2067583
15.9,79.15,2020-11-01,late,meta,2.0614413235276507,2.3465385
15.9,79.15,2020-12-01,late,meta,2.059327841809398,2.0593996
15.9,79.4,2019-01-01,late,meta,-0.7270470156350781,-0.21530984
15.9,79.4,2019-02-01,late,meta,-1.3885565172118028,-0.98321295
15.9,79.4,2019-03-01,late,meta,-1.0835625173468768,-0.46679884
15.9,79.4,2019-05-01,late,meta,0.3674217300407528,0.83223945
15.9,79.4,2019-06-01,late,meta,-0.0996598502856554,0.4651166
15.9,79.4,2019-07-01,late,meta,-0.7008020285372285,0.02136715
15.9,79.4,2019-08-01,late,meta,-0.0932163456833553,0.49587312
15.9,79.4,2019-09-01,late,meta,0.5222968858866825,1.3478612
15.9,79.4,2019-10-01,late,meta,0.931206880386224,1.8071818
15.9,79.4,2019-11-01,late,meta,0.83048830632542,1.3420743
15.9,79.4,2019-12-01,late,meta,1.0412275102592694,1.1489038
15.9,79.4,2020-01-01,late,meta,1.5874120027848178,1.0886966
15.9,79.4,2020-02-01,late,meta,1.4111773568186805,1.010827
15.9,79.4,2020-03-01,late,meta,1.079906540966482,0.5757537
15.9,79.4,2020-04-01,late,meta,0.1087113762430208,-0.15533741
15.9,79.4,2020-06-01,late,meta,0.3244556281201772,0.47011352
15.9,79.4,2020-07-01,late,meta,0.5799037009428905,0.9460671
15.9,79.4,2020-09-01,late,meta,1.967370534104072,2.573383
15.9,79.4,2020-10-01,late,meta,1.8020706953031949,2.5836496
15.9,79.4,2020-11-01,late,meta,2.0344787816318304,2.4324741
15.9,79.4,2020-12-01,late,meta,2.056672112793969,2.2173297
16.15,76.9,2019-01-01,late,meta,-1.2628530784541867,-1.06703
16.15,76.9,2019-02-01,late,meta,-1.7776774930807802,-1.5080233
16.15,76.9,2019-03-01,late,meta,-1.5165334871176732,-1.5054672
16.15,76.9,2019-05-01,late,meta,-1.392817268434779,-0.9247111
16.15,76.9,2019-06-01,late,meta,-0.096612831917371,-0.016261265
16.15,76.9,2019-07-01,late,meta,-0.2521206361155009,-0.07466997
16.15,76.9,2019-08-01,late,meta,-0.0751384072831196,-0.06447069
16.15,76.9,2019-09-01,late,meta,0.1768776740675036,0.32874036
16.15,76.9,2019-10-01,late,meta,0.8021122521205173,0.75187445
16.15,76.9,2019-11-01,late,meta,0.8791175600267467,0.735564
16.15,76.9,2019-12-01,late,meta,0.9132454953162092,0.57662165
16.15,76.9,2020-01-01,late,meta,1.3659982507994544,0.52226293
16.15,76.9,2020-02-01,late,meta,1.227779518490308,0.45538637
16.15,76.9,2020-03-01,late,meta,1.2522157483490624,0.44723344
16.15,76.9,2020-04-01,late,meta,0.1596050679598941,-0.17166117
16.15,76.9,2020-06-01,late,meta,0.0144523572886507,0.17474897
16.15,76.9,2020-07-01,late,meta,1.4774851714431998,1.4308136
16.15,76.9,2020-09-01,late,meta,1.6040137473913352,1.4972833
16.15,76.9,2020-10-01,late,meta,1.6494323635973218,1.4577578
16.15,76.9,2020-11-01,late,meta,1.649434388853131,1.2765979
16.15,76.9,2020-12-01,late,meta,1.7430951119685911,1.3181703
16.15,77.15,2019-01-01,late,meta,-1.113813776826272,-0.7913366
16.15,77.15,2019-02-01,late,meta,-1.7898882394294795,-1.3909663
16.15,77.15,2019-03-01,late,meta,-1.4528453800116718,-1.2148949
16.15,77.15,2019-05-01,late,meta,-1.4836086905996524,-0.6752995
16.15,77.15,2019-06-01,late,meta,-0.6800417580816891,-0.38069904
16.15,77.15,2019-08-01,late,meta,-0.4051623228792306,-0.21601512
16.15,77.15,2019-10-01,late,meta,0.6104295661876858,0.6997039
16.15,77.15,2019-11-01,late,meta,0.7306894188324409,0.5674719
16.15,77.15,2019-12-01,late,meta,0.8941546500703536,0.5872368
16.15,77.15,2020-01-01,late,meta,1.3968951140556642,0.5416243
16.15,77.15,2020-02-01,late,meta,1.180785263415823,0.452573
16.15,77.15,2020-03-01,late,meta,1.1881026603603029,0.35386264
16.15,77.15,2020-04-01,late,meta,0.1748108680742051,-0.08130559
16.15,77.15,2020-06-01,late,meta,0.2052024140853564,0.3680004
16.15,77.15,2020-07-01,late,meta,1.4315918251698676,1.4694422
16.15,77.15,2020-09-01,late,meta,1.690832939823537,1.6906433
16.15,77.15,2020-10-01,late,meta,1.737812276815215,1.5471817
16.15,77.15,2020-11-01,late,meta,1.7633366678428053,1.410424
16.15,77.15,2020-12-01,late,meta,1.8255560377226527,1.5354148
16.15,77.4,2019-01-01,late,meta,-1.1380151986477047,-0.6955392
16.15,77.4,2019-02-01,late,meta,-1.8982198573996525,-1.3312794
16.15,77.4,2019-03-01,late,meta,-1.5189071617460017,-0.990496
16.15,77.4,2019-05-01,late,meta,-1.212326798470573,-0.21180186
16.15,77.4,2019-06-01,late,meta,-0.5533108345809974,-0.08899373
16.15,77.4,2019-08-01,late,meta,-0.4130381732545697,-0.115583524
16.15,77.4,2019-09-01,late,meta,0.0715110996337183,0.46937215
16.15,77.4,2019-10-01,late,meta,0.5236058393013032,0.5934066
16.15,77.4,2019-11-01,late,meta,0.6302564252712697,0.47662017
16.15,77.4,2019-12-01,late,meta,0.7720068314106362,0.6303341
16.15,77.4,2020-01-01,late,meta,1.3604104354077315,0.7037288
16.15,77.4,2020-02-01,late,meta,1.0716768974046895,0.5538393
16.15,77.4,2020-03-01,late,meta,0.9605325439843384,0.13444908
16.15,77.4,2020-04-01,late,meta,-0.0043063911967068,-0.04198413
16.15,77.4,2020-06-01,late,meta,0.3118932943929053,0.39415458
16.15,77.4,2020-07-01,late,meta,1.357245328682902,1.3283448
16.15,77.4,2020-09-01,late,meta,1.941628958042888,2.006464
16.15,77.4,2020-10-01,late,meta,1.9202130013953616,1.8120029
16.15,77.4,2020-11-01,late,meta,1.985864725865923,1.7642283
16.15,77.4,2020-12-01,late,meta,2.0169949932168136,1.8710136
16.15,77.65,2019-01-01,late,meta,-1.1367201623997032,-0.6751571
16.15,77.65,2019-02-01,late,meta,-1.9447071321220728,-1.4392118
16.15,77.65,2019-03-01,late,meta,-1.6580920576812117,-1.0447083
16.15,77.65,2019-05-01,late,meta,-1.2248904748936909,-0.20276244
16.15,77.65,2019-06-01,late,meta,-0.4660885158194536,-0.05006736
16.15,77.65,2019-08-01,late,meta,-0.4012606922161892,-0.13972524
16.15,77.65,2019-10-01,late,meta,0.4602845245203765,0.5071318
16.15,77.65,2019-11-01,late,meta,0.5581024559357697,0.38811475
16.15,77.65,2019-12-01,late,meta,0.6756540396001072,0.5176264
16.15,77.65,2020-01-01,late,meta,1.2518659124333773,0.67094326
16.15,77.65,2020-02-01,late,meta,0.9497013286947736,0.46726865
16.15,77.65,2020-03-01,late,meta,0.6857614727088511,-0.023947746
16.15,77.65,2020-04-01,late,meta,-0.0167048373988772,-0.15543447
16.15,77.65,2020-06-01,late,meta,0.3711193225427024,0.4319747
16.15,77.65,2020-07-01,late,meta,1.3409303501552992,1.3028653
16.15,77.65,2020-09-01,late,meta,2.0612741572172024,2.1210372
16.15,77.65,2020-10-01,late,meta,1.930856895515888,1.8751719
16.15,77.65,2020-11-01,late,meta,2.0103279572792867,1.786459
16.15,77.65,2020-12-01,late,meta,2.028516150013391,1.9285467
16.15,77.9,2019-01-01,late,meta,-1.1069164231714028,-0.7027826
16.15,77.9,2019-02-01,late,meta,-1.8247355892022727,-1.4942721
16.15,77.9,2019-03-01,late,meta,-1.6923119566022466,-1.3530327
16.15,77.9,2019-05-01,late,meta,-1.3926572081154012,-0.51024735
16.15,77.9,2019-06-01,late,meta,-0.5175889477331157,-0.2013027
16.15,77.9,2019-08-01,late,meta,-0.3376809860605939,0.021216122
16.15,77.9,2019-09-01,late,meta,0.3088089355795799,0.7741038
16.15,77.9,2019-10-01,late,meta,0.4636756916120305,0.68670964
16.15,77.9,2019-11-01,late,meta,0.5697984330755564,0.47477445
16.15,77.9,2019-12-01,late,meta,0.6506963992389979,0.45384726
16.15,77.9,2020-01-01,late,meta,1.1862058262006347,0.63814324
16.15,77.9,2020-02-01,late,meta,0.895753719373769,0.39352307
16.15,77.9,2020-03-01,late,meta,0.5430563122600595,-0.13651304
16.15,77.9,2020-04-01,late,meta,-0.0102398957728782,-0.48176488
16.15,77.9,2020-06-01,late,meta,0.5189880982658762,0.4300796
16.15,77.9,2020-07-01,late,meta,1.351164299246268,1.511676
16.15,77.9,2020-09-01,late,meta,2.077597785906266,2.2617033
16.15,77.9,2020-10-01,late,meta,1.900108631048686,1.961985
16.15,77.9,2020-11-01,late,meta,1.9624144191039723,1.7724138
16.15,77.9,2020-12-01,late,meta,1.9394796468576847,1.7936839
16.15,78.15,2019-01-01,late,meta,-0.9675101580626388,-0.6694655
16.15,78.15,2019-02-01,late,meta,-1.6445326893577574,-1.3403468
16.15,78.15,2019-03-01,late,meta,-1.5110772413018947,-1.2574816
16.15,78.15,2019-05-01,late,meta,-1.1220109432189,-0.26397943
16.15,78.15,2019-06-01,late,meta,-0.4440103951246654,0.042963915
16.15,78.15,2019-08-01,late,meta,-0.0779113388197098,0.21849972
16.15,78.15,2019-09-01,late,meta,0.4514326662076855,0.90832937
16.15,78.15,2019-10-01,late,meta,0.5218540033617427,0.8136417
16.15,78.15,2019-11-01,late,meta,0.6326134989488232,0.5774374
16.15,78.15,2019-12-01,late,meta,0.6844960286544858,0.53851736
16.15,78.15,2020-01-01,late,meta,1.1404310129305273,0.7390119
16.15,78.15,2020-02-01,late,meta,0.7795925254891523,0.39779487
16.15,78.15,2020-03-01,late,meta,0.3829478617067774,-0.31926948
16.15,78.15,2020-04-01,late,meta,-0.235613645831289,-0.49705803
16.15,78.15,2020-06-01,late,meta,0.5091632694075138,0.53656095
16.15,78.15,2020-07-01,late,meta,1.3807192967151942,1.5666635
16.15,78.15,2020-09-01,late,meta,2.139016896353968,2.353852
16.15,78.15,2020-10-01,late,meta,1.9927380286944905,2.1564758
16.15,78.15,2020-11-01,late,meta,2.078785252003295,2.0418408
16.15,78.15,2020-12-01,late,meta,2.02272809181511,1.8655353
16.15,78.4,2019-01-01,late,meta,-0.8167323878579363,-0.5662565
16.15,78.4,2019-02-01,late,meta,-1.52494109597191,-1.5645608
16.15,78.4,2019-03-01,late,meta,-1.3657543185669168,-1.6628346
16.15,78.4,2019-05-01,late,meta,-1.0535007290157072,-0.55636495
16.15,78.4,2019-06-01,late,meta,-0.5267053344795707,-0.4009295
16.15,78.4,2019-07-01,late,meta,-0.7356897994438515,-0.39383766
16.15,78.4,2019-08-01,late,meta,0.1697587241569732,0.36156657
16.15,78.4,2019-09-01,late,meta,0.5249064372328892,1.0871474
16.15,78.4,2019-10-01,late,meta,0.63902487559263,0.8956912
16.15,78.4,2019-11-01,late,meta,0.774904490075212,0.5503172
16.15,78.4,2019-12-01,late,meta,0.8386377579483386,0.565082
16.15,78.4,2020-01-01,late,meta,1.220065485848412,0.47650993
16.15,78.4,2020-02-01,late,meta,0.7633397294746972,0.16615099
16.15,78.4,2020-03-01,late,meta,0.5477324345782798,-0.20283702
16.15,78.4,2020-04-01,late,meta,-0.205642785127438,-0.5838101
16.15,78.4,2020-06-01,late,meta,0.6556287073896665,0.63691866
16.15,78.4,2020-07-01,late,meta,1.262268629532342,1.4959136
16.15,78.4,2020-09-01,late,meta,2.285027190991254,2.513345
16.15,78.4,2020-10-01,late,meta,2.147412461569151,2.2415898
16.15,78.4,2020-11-01,late,meta,2.2446652316040763,2.2721355
16.15,78.4,2020-12-01,late,meta,2.15403495346191,1.850986
16.15,78.65,2019-01-01,late,meta,-0.8414135451241314,-0.70699596
16.15,78.65,2019-02-01,late,meta,-1.5036783382259882,-1.5449408
16.15,78.65,2019-03-01,late,meta,-1.478752556390586,-1.6381136
16.15,78.65,2019-05-01,late,meta,-0.8868455937877165,-0.47960186
16.15,78.65,2019-06-01,late,meta,-0.5377417933455805,-0.579799
16.15,78.65,2019-07-01,late,meta,-0.6295816071780346,-0.65068465
16.15,78.65,2019-08-01,late,meta,0.3335707948057726,0.19906561
16.15,78.65,2019-09-01,late,meta,0.716370722262549,1.0855671
16.15,78.65,2019-10-01,late,meta,0.9151382382137492,1.0645825
16.15,78.65,2019-11-01,late,meta,1.005674884009202,0.85739595
16.15,78.65,2019-12-01,late,meta,1.0775071203541473,0.9457609
16.15,78.65,2020-01-01,late,meta,1.505041646539783,0.7053622
16.15,78.65,2020-02-01,late,meta,1.0838648103797812,0.5161169
16.15,78.65,2020-03-01,late,meta,0.8509963494350531,-0.23498708
16.15,78.65,2020-04-01,late,meta,-0.1588095966800817,-0.6076962
16.15,78.65,2020-06-01,late,meta,0.6625557269749046,0.7493765
16.15,78.65,2020-07-01,late,meta,0.9944818236362116,1.16627
16.15,78.65,2020-09-01,late,meta,2.268985157530429,2.5182345
16.15,78.65,2020-10-01,late,meta,2.1121687048218267,2.4226308
16.15,78.65,2020-11-01,late,meta,2.2259487631806567,2.8550231
16.15,78.65,2020-12-01,late,meta,2.1101306077945003,2.4775734
16.15,78.9,2019-01-01,late,meta,-0.9004306513762539,-0.6434002
16.15,78.9,2019-02-01,late,meta,-1.439625720020019,-1.3192114
16.15,78.9,2019-03-01,late,meta,-1.3871567543748071,-1.4397299
16.15,78.9,2019-05-01,late,meta,-0.1210304180502962,0.004008442
16.15,78.9,2019-06-01,late,meta,-0.2204095301636513,-0.2399056
16.15,78.9,2019-07-01,late,meta,-0.6615080245794837,-0.7257198
16.15,78.9,2019-08-01,late,meta,0.0617149181658859,-0.27602065
16.15,78.9,2019-09-01,late,meta,0.6653941598884622,0.8277409
16.15,78.9,2019-10-01,late,meta,0.9273657388518282,1.2301372
16.15,78.9,2019-11-01,late,meta,0.9169005377079908,0.83924365
16.15,78.9,2019-12-01,late,meta,1.0306708420963282,0.94347984
16.15,78.9,2020-01-01,late,meta,1.496744585335617,0.76787686
16.15,78.9,2020-02-01,late,meta,1.226767129373033,0.6080465
16.15,78.9,2020-03-01,late,meta,0.9080815646590122,0.14411256
16.15,78.9,2020-04-01,late,meta,-0.1091167021185982,-0.4355113
16.15,78.9,2020-06-01,late,meta,0.5256742530742895,0.46493468
16.15,78.9,2020-07-01,late,meta,0.88710965778679,0.94469786
16.15,78.9,2020-09-01,late,meta,2.2845742751140143,2.5138464
16.15,78.9,2020-10-01,late,meta,2.0336869177218624,2.4560456
16.15,78.9,2020-11-01,late,meta,2.1839907238932543,2.9643228
16.15,78.9,2020-12-01,late,meta,2.1542246274145054,2.6252105
16.15,79.15,2019-01-01,late,meta,-0.7764941983153624,-0.37449145
16.15,79.15,2019-02-01,late,meta,-1.2960037923395702,-0.70987666
16.15,79.15,2019-03-01,late,meta,-1.099212899735721,-0.72461
16.15,79.15,2019-05-01,late,meta,0.390546691720216,0.5476299
16.15,79.15,2019-06-01,late,meta,0.0242666345734012,0.24531554
16.15,79.15,2019-07-01,late,meta,-0.7126257382427433,-0.54121
16.15,79.15,2019-08-01,late,meta,-0.2145612900315676,-0.2649447
16.15,79.15,2019-09-01,late,meta,0.4683753728330447,0.86320305
16.15,79.15,2019-10-01,late,meta,0.8529797443675297,1.5058836
16.15,79.15,2019-11-01,late,meta,0.7669818864171353,0.9568219
16.15,79.15,2019-12-01,late,meta,0.9323398671007668,0.95181435
16.15,79.15,2020-01-01,late,meta,1.4622045017820036,0.8513837
16.15,79.15,2020-02-01,late,meta,1.2902527658507696,0.65361917
16.15,79.15,2020-03-01,late,meta,0.9787446265026064,0.44651774
16.15,79.15,2020-04-01,late,meta,-0.0093684607018285,-0.29393116
16.15,79.15,2020-06-01,late,meta,0.3846728374600474,0.3035505
16.15,79.15,2020-07-01,late,meta,0.7379200393972595,0.7375119
16.15,79.15,2020-09-01,late,meta,2.209924786062013,2.4549532
16.15,79.15,2020-10-01,late,meta,1.959959565483144,2.4458885
16.15,79.15,2020-11-01,late,meta,2.139132179542204,2.6345325
16.15,79.15,2020-12-01,late,meta,2.198271745895229,2.4090586
16.15,79.4,2019-01-01,late,meta,-0.5585910215130263,-0.0755578
16.15,79.4,2019-02-01,late,meta,-1.1602986960037005,-0.79715735
16.15,79.4,2019-03-01,late,meta,-0.7142724075156515,-0.27405843
16.15,79.4,2019-05-01,late,meta,0.7043374966144152,0.99859846
16.15,79.4,2019-07-01,late,meta,-0.9066389866273316,-0.23075518
16.15,79.4,2019-08-01,late,meta,-0.4189919931601676,0.023629673
16.15,79.4,2019-09-01,late,meta,0.3002095854569536,1.0398074
16.15,79.4,2019-10-01,late,meta,0.8463935127076452,1.7743253
16.15,79.4,2019-11-01,late,meta,0.7777739928109667,1.2943058
16.15,79.4,2019-12-01,late,meta,0.9519196225461896,1.0529354
16.15,79.4,2020-01-01,late,meta,1.571170589923652,0.96872103
16.15,79.4,2020-02-01,late,meta,1.4148284106267537,0.9105325
16.15,79.4,2020-03-01,late,meta,1.1893833688505526,0.49364442
16.15,79.4,2020-04-01,late,meta,0.0176202947135049,-0.036960255
16.15,79.4,2020-06-01,late,meta,0.3477967903332964,0.45778668
16.15,79.4,2020-07-01,late,meta,0.7266503490480057,0.96494234
16.15,79.4,2020-09-01,late,meta,2.111949331163427,2.61896
16.15,79.4,2020-10-01,late,meta,1.878751312002908,2.6214783
16.15,79.4,2020-11-01,late,meta,2.132047158237037,2.5014932
16.15,79.4,2020-12-01,late,meta,2.179582465740773,2.3417075
