latitude,longitude,year,month,fusion,model,y_true,y_pred
14.9,76.9,2019,1,early,xgboost_lag,-1.6355670865759264,-0.9080737
14.9,76.9,2019,2,early,xgboost_lag,-1.753350067454643,-1.4326184
14.9,76.9,2019,3,early,xgboost_lag,-1.6964431162877602,-1.0060118
14.9,76.9,2019,5,early,xgboost_lag,-1.486606910568787,-0.90597576
14.9,76.9,2019,6,early,xgboost_lag,-0.7650145735182451,-0.29921773
14.9,76.9,2019,7,early,xgboost_lag,-1.2373374128316343,-0.7473423
14.9,76.9,2019,8,early,xgboost_lag,-0.7066799649471354,-0.7411673
14.9,76.9,2019,9,early,xgboost_lag,-0.1692119567062593,-0.34965336
14.9,76.9,2019,10,early,xgboost_lag,0.9835276897332847,0.6488707
14.9,76.9,2019,11,early,xgboost_lag,0.9590467885407632,0.77747935
14.9,76.9,2019,12,early,xgboost_lag,0.9383646702608204,0.7551095
14.9,76.9,2020,1,early,xgboost_lag,1.2091827212182449,0.6338174
14.9,76.9,2020,2,early,xgboost_lag,1.1817248535016307,0.9994717
14.9,76.9,2020,3,early,xgboost_lag,1.0924086213413111,0.80014795
14.9,76.9,2020,4,early,xgboost_lag,-0.4128316033087181,0.3556341
14.9,76.9,2020,6,early,xgboost_lag,-0.6259778144479882,-0.5314629
14.9,76.9,2020,7,early,xgboost_lag,0.7721570180125983,0.70473444
14.9,76.9,2020,9,early,xgboost_lag,1.3842724419101664,0.97228926
14.9,76.9,2020,10,early,xgboost_lag,1.2768319284738356,1.0416383
14.9,76.9,2020,11,early,xgboost_lag,1.2540952671345875,1.0348395
14.9,76.9,2020,12,early,xgboost_lag,1.1807833257794125,1.0359244
14.9,77.15,2019,1,early,xgboost_lag,-1.6360027828455777,-1.0276049
14.9,77.15,2019,2,early,xgboost_lag,-1.7725811537965326,-1.4899915
14.9,77.15,2019,3,early,xgboost_lag,-1.744540441623471,-1.0723922
14.9,77.15,2019,5,early,xgboost_lag,-1.2426378535704568,-0.83899087
14.9,77.15,2019,6,early,xgboost_lag,-0.6354915010365096,-0.15979518
14.9,77.15,2019,7,early,xgboost_lag,-1.116047851605434,-0.85943204
14.9,77.15,2019,8,early,xgboost_lag,-0.4875271725588798,-0.42904288
14.9,77.15,2019,9,early,xgboost_lag,-0.0480695315218726,-0.05062325
14.9,77.15,2019,10,early,xgboost_lag,0.8119511789762058,0.6782115
14.9,77.15,2019,11,early,xgboost_lag,0.7768777214808852,0.526322
14.9,77.15,2019,12,early,xgboost_lag,0.7891187730457982,0.48831198
14.9,77.15,2020,1,early,xgboost_lag,1.0641890088909542,0.5847137
14.9,77.15,2020,2,early,xgboost_lag,1.0169447934220162,0.94282246
14.9,77.15,2020,3,early,xgboost_lag,0.9451843438833968,0.679143
14.9,77.15,2020,4,early,xgboost_lag,-0.2793320879038977,0.19792971
14.9,77.15,2020,6,early,xgboost_lag,-0.4726940627144901,-0.4422773
14.9,77.15,2020,9,early,xgboost_lag,1.4638690680527546,0.84408194
14.9,77.15,2020,10,early,xgboost_lag,1.287685917976593,0.92947364
14.9,77.15,2020,11,early,xgboost_lag,1.302894388379438,1.001068
14.9,77.15,2020,12,early,xgboost_lag,1.2258945274628723,1.1366789
14.9,77.4,2019,1,early,xgboost_lag,-1.500674894940563,-1.0210046
14.9,77.4,2019,2,early,xgboost_lag,-1.6777596794155265,-1.4013512
14.9,77.4,2019,3,early,xgboost_lag,-1.7711754198097496,-1.1238698
14.9,77.4,2019,5,early,xgboost_lag,-1.1621166529049112,-0.7576922
14.9,77.4,2019,6,early,xgboost_lag,-0.4179567570361755,-0.13320997
14.9,77.4,2019,7,early,xgboost_lag,-0.967393125255972,-0.95060116
14.9,77.4,2019,8,early,xgboost_lag,-0.2880419971395562,-0.41718593
14.9,77.4,2019,9,early,xgboost_lag,0.1521882371541713,0.112080544
14.9,77.4,2019,10,early,xgboost_lag,0.77984296716474,0.64305204
14.9,77.4,2019,11,early,xgboost_lag,0.7152363713901911,0.38432854
14.9,77.4,2019,12,early,xgboost_lag,0.7169872957328666,0.44600695
14.9,77.4,2020,1,early,xgboost_lag,1.026074032848719,0.48562628
14.9,77.4,2020,2,early,xgboost_lag,0.9461478238407036,0.77138215
14.9,77.4,2020,3,early,xgboost_lag,0.8527722082574536,0.5812894
14.9,77.4,2020,4,early,xgboost_lag,-0.1964164472359513,0.086527355
14.9,77.4,2020,6,early,xgboost_lag,-0.1593894591297626,-0.1259691
14.9,77.4,2020,7,early,xgboost_lag,1.1281234438047107,0.95014125
14.9,77.4,2020,9,early,xgboost_lag,1.541377455429639,1.0847985
14.9,77.4,2020,10,early,xgboost_lag,1.3061472308144677,1.0573156
14.9,77.4,2020,11,early,xgboost_lag,1.353040641349229,1.0202489
14.9,77.4,2020,12,early,xgboost_lag,1.2289372374134486,1.1628362
14.9,77.65,2019,1,early,xgboost_lag,-1.423144936596895,-1.1819217
14.9,77.65,2019,2,early,xgboost_lag,-1.547802003360217,-1.341846
14.9,77.65,2019,3,early,xgboost_lag,-1.7445908294663894,-1.1306049
14.9,77.65,2019,5,early,xgboost_lag,-1.2351744790274313,-0.8022359
14.9,77.65,2019,6,early,xgboost_lag,-0.4257294025313723,-0.0542507
14.9,77.65,2019,7,early,xgboost_lag,-1.0314340889529592,-0.86963433
14.9,77.65,2019,9,early,xgboost_lag,0.2689516393610189,-0.064038746
14.9,77.65,2019,10,early,xgboost_lag,0.7439254455129259,0.5721524
14.9,77.65,2019,11,early,xgboost_lag,0.672888564203073,0.30543733
14.9,77.65,2019,12,early,xgboost_lag,0.6823839805476667,0.4335089
14.9,77.65,2020,1,early,xgboost_lag,1.0101049482051037,0.41312277
14.9,77.65,2020,2,early,xgboost_lag,0.9193801430501664,0.79144484
14.9,77.65,2020,3,early,xgboost_lag,0.8152037914100798,0.55411565
14.9,77.65,2020,4,early,xgboost_lag,0.0269634117097138,0.07505601
14.9,77.65,2020,6,early,xgboost_lag,0.069381740343161,0.18882798
14.9,77.65,2020,7,early,xgboost_lag,1.18573181190961,0.9978275
14.9,77.65,2020,9,early,xgboost_lag,1.5866960967189805,1.1725793
14.9,77.65,2020,10,early,xgboost_lag,1.432627595278228,1.1828867
14.9,77.65,2020,11,early,xgboost_lag,1.4733503926394194,1.1222893
14.9,77.65,2020,12,early,xgboost_lag,1.3310152611216168,1.3739246
14.9,77.9,2019,1,early,xgboost_lag,-1.3371151108764106,-1.2607623
14.9,77.9,2019,2,early,xgboost_lag,-1.460815156978179,-1.2321156
14.9,77.9,2019,3,early,xgboost_lag,-1.6718529015909067,-1.0755756
14.9,77.9,2019,5,early,xgboost_lag,-1.2026551664155658,-0.81895304
14.9,77.9,2019,6,early,xgboost_lag,-0.3951534988184843,-0.039031114
14.9,77.9,2019,7,early,xgboost_lag,-0.9257656914082252,-0.7920934
14.9,77.9,2019,8,early,xgboost_lag,0.029988354653531,0.069047675
14.9,77.9,2019,9,early,xgboost_lag,0.5212927386279907,0.55496716
14.9,77.9,2019,10,early,xgboost_lag,0.8649403150587432,0.8888375
14.9,77.9,2019,11,early,xgboost_lag,0.7671612773793008,0.5212564
14.9,77.9,2019,12,early,xgboost_lag,0.7619804127477265,0.45481423
14.9,77.9,2020,1,early,xgboost_lag,1.0553649531536629,0.48298815
14.9,77.9,2020,2,early,xgboost_lag,0.949971543199242,0.7622133
14.9,77.9,2020,3,early,xgboost_lag,0.763961503563587,0.6538304
14.9,77.9,2020,4,early,xgboost_lag,0.0178075387055868,0.0045744735
14.9,77.9,2020,6,early,xgboost_lag,0.1033029030519042,0.30268985
14.9,77.9,2020,7,early,xgboost_lag,1.1527134061164903,0.96556014
14.9,77.9,2020,9,early,xgboost_lag,1.5215409742001862,1.2068661
14.9,77.9,2020,10,early,xgboost_lag,1.3635577946972663,1.1956587
14.9,77.9,2020,11,early,xgboost_lag,1.5044101915705137,1.0247844
14.9,77.9,2020,12,early,xgboost_lag,1.368394373135816,1.3613074
14.9,78.15,2019,1,early,xgboost_lag,-1.2495891215661743,-1.2687669
14.9,78.15,2019,2,early,xgboost_lag,-1.3805502639771603,-1.212576
14.9,78.15,2019,3,early,xgboost_lag,-1.4977479275371992,-1.0963997
14.9,78.15,2019,5,early,xgboost_lag,-1.156732894568728,-0.762242
14.9,78.15,2019,6,early,xgboost_lag,-0.3814016796303168,-0.15103875
14.9,78.15,2019,7,early,xgboost_lag,-0.9987844902025356,-0.55591935
14.9,78.15,2019,8,early,xgboost_lag,0.1021533209070085,0.04942653
14.9,78.15,2019,9,early,xgboost_lag,0.6047197711780928,0.6292033
14.9,78.15,2019,10,early,xgboost_lag,0.8390806463916127,0.8809498
14.9,78.15,2019,11,early,xgboost_lag,0.7113543590922314,0.46291217
14.9,78.15,2019,12,early,xgboost_lag,0.692303439516056,0.36507252
14.9,78.15,2020,1,early,xgboost_lag,0.9826907953523688,0.42643175
14.9,78.15,2020,2,early,xgboost_lag,0.8414271641274869,0.60271716
14.9,78.15,2020,3,early,xgboost_lag,0.5128575169373031,0.3795885
14.9,78.15,2020,4,early,xgboost_lag,-0.15517715407791,-0.16713028
14.9,78.15,2020,6,early,xgboost_lag,0.1289020512549236,0.1959953
14.9,78.15,2020,7,early,xgboost_lag,1.034412656324213,0.9869829
14.9,78.15,2020,9,early,xgboost_lag,1.372329802467888,1.342601
14.9,78.15,2020,10,early,xgboost_lag,1.1351170445316918,1.031447
14.9,78.15,2020,11,early,xgboost_lag,1.4246119825164285,1.0166705
14.9,78.15,2020,12,early,xgboost_lag,1.247672075385318,1.3352789
14.9,78.4,2019,1,early,xgboost_lag,-1.245371391953181,-1.3058853
14.9,78.4,2019,2,early,xgboost_lag,-1.3757283599451349,-1.2520704
14.9,78.4,2019,3,early,xgboost_lag,-1.4613420805420037,-1.1011559
14.9,78.4,2019,5,early,xgboost_lag,-1.1055943808145308,-0.8639893
14.9,78.4,2019,6,early,xgboost_lag,-0.5081999830125576,-0.47218052
14.9,78.4,2019,7,early,xgboost_lag,-1.0324080364898238,-0.5979245
14.9,78.4,2019,8,early,xgboost_lag,0.1233851354231033,-0.033804275
14.9,78.4,2019,9,early,xgboost_lag,0.6419850532573181,0.6287543
14.9,78.4,2019,10,early,xgboost_lag,0.7765675193313195,0.84237754
14.9,78.4,2019,11,early,xgboost_lag,0.6247897365446723,0.3792218
14.9,78.4,2019,12,early,xgboost_lag,0.6500161273129481,0.4316865
14.9,78.4,2020,1,early,xgboost_lag,0.941745418507636,0.48115194
14.9,78.4,2020,2,early,xgboost_lag,0.7834259771314617,0.5544464
14.9,78.4,2020,3,early,xgboost_lag,0.3558699597936173,0.45001
14.9,78.4,2020,4,early,xgboost_lag,-0.1162891550870733,-0.3649025
14.9,78.4,2020,6,early,xgboost_lag,0.2560987655786105,0.19171278
14.9,78.4,2020,7,early,xgboost_lag,1.0433528513542496,1.0503869
14.9,78.4,2020,9,early,xgboost_lag,1.3056975444688916,1.3244599
14.9,78.4,2020,10,early,xgboost_lag,1.0463922454519103,0.8758242
14.9,78.4,2020,11,early,xgboost_lag,1.4475376501815111,1.024211
14.9,78.4,2020,12,early,xgboost_lag,1.2557220697774265,1.2370796
14.9,78.65,2019,1,early,xgboost_lag,-1.404184757460737,-1.2786982
14.9,78.65,2019,2,early,xgboost_lag,-1.498308042971313,-1.3510056
14.9,78.65,2019,3,early,xgboost_lag,-1.6097989030275524,-1.1513847
14.9,78.65,2019,5,early,xgboost_lag,-0.85979863315148,-0.8366907
14.9,78.65,2019,6,early,xgboost_lag,-0.5537789861663357,-0.51965797
14.9,78.65,2019,9,early,xgboost_lag,0.6595017818103659,0.48796365
14.9,78.65,2019,10,early,xgboost_lag,0.8427538318156143,0.7969504
14.9,78.65,2019,11,early,xgboost_lag,0.6785309849995559,0.48402652
14.9,78.65,2019,12,early,xgboost_lag,0.7360971267892068,0.37746197
14.9,78.65,2020,1,early,xgboost_lag,1.0142366674023873,0.5453134
14.9,78.65,2020,2,early,xgboost_lag,0.9032043394906932,0.6249922
14.9,78.65,2020,3,early,xgboost_lag,0.5096655392037975,0.5743237
14.9,78.65,2020,4,early,xgboost_lag,-0.0552506698783524,-0.03545351
14.9,78.65,2020,6,early,xgboost_lag,0.3680290128365853,0.15271546
14.9,78.65,2020,7,early,xgboost_lag,1.0108213839858349,0.96951467
14.9,78.65,2020,9,early,xgboost_lag,1.5287160005675486,1.2915523
14.9,78.65,2020,10,early,xgboost_lag,1.1907948104576458,1.0996848
14.9,78.65,2020,11,early,xgboost_lag,1.5585438573897086,1.0250891
14.9,78.65,2020,12,early,xgboost_lag,1.316040502072271,1.2676837
14.9,78.9,2019,1,early,xgboost_lag,-1.487503549525987,-1.3761435
14.9,78.9,2019,2,early,xgboost_lag,-1.517724359974037,-1.3899555
14.9,78.9,2019,3,early,xgboost_lag,-1.5827652994362915,-1.2737135
14.9,78.9,2019,5,early,xgboost_lag,-0.7541491199204299,-0.8911762
14.9,78.9,2019,6,early,xgboost_lag,-0.4790966395226246,-0.49473566
14.9,78.9,2019,9,early,xgboost_lag,0.6153870535684626,0.48396882
14.9,78.9,2019,10,early,xgboost_lag,0.911257477958662,0.82215023
14.9,78.9,2019,11,early,xgboost_lag,0.7027738015810128,0.58802927
14.9,78.9,2019,12,early,xgboost_lag,0.8137029539677119,0.43653712
14.9,78.9,2020,1,early,xgboost_lag,1.0831480220780143,0.5949057
14.9,78.9,2020,2,early,xgboost_lag,1.0403095881295488,0.7908956
14.9,78.9,2020,3,early,xgboost_lag,0.7203235305465607,0.7608187
14.9,78.9,2020,4,early,xgboost_lag,0.0431618743696713,0.011979324
14.9,78.9,2020,6,early,xgboost_lag,0.5897080848218031,0.45794985
14.9,78.9,2020,7,early,xgboost_lag,1.069162445981128,1.0940715
14.9,78.9,2020,9,early,xgboost_lag,1.7350554484806109,1.304812
14.9,78.9,2020,10,early,xgboost_lag,1.3583443271543625,1.2074132
14.9,78.9,2020,11,early,xgboost_lag,1.6632397448883376,1.1371471
14.9,78.9,2020,12,early,xgboost_lag,1.39043435884443,1.2278934
14.9,79.15,2019,1,early,xgboost_lag,-1.3450364768137362,-1.4444481
14.9,79.15,2019,2,early,xgboost_lag,-1.407570196690992,-1.3106287
14.9,79.15,2019,3,early,xgboost_lag,-1.4446639657168423,-1.1909704
14.9,79.15,2019,5,early,xgboost_lag,-0.7435692547627273,-1.0112135
14.9,79.15,2019,6,early,xgboost_lag,-0.6285332840316232,-0.54601914
14.9,79.15,2019,8,early,xgboost_lag,-0.2464144361705545,-0.04228404
14.9,79.15,2019,9,early,xgboost_lag,0.5380536240173519,0.16045922
14.9,79.15,2019,10,early,xgboost_lag,0.9734180342273544,0.92593735
14.9,79.15,2019,11,early,xgboost_lag,0.6598808230545099,0.68638843
14.9,79.15,2019,12,early,xgboost_lag,0.8645657807592971,0.2582584
14.9,79.15,2020,1,early,xgboost_lag,1.163378125854334,0.52766395
14.9,79.15,2020,2,early,xgboost_lag,1.1475172395308424,0.91063905
14.9,79.15,2020,3,early,xgboost_lag,0.8178444921043431,0.894438
14.9,79.15,2020,4,early,xgboost_lag,0.1075477238127022,-0.026222365
14.9,79.15,2020,6,early,xgboost_lag,0.771653927523673,0.33840853
14.9,79.15,2020,7,early,xgboost_lag,1.0067313511443394,0.7310775
14.9,79.15,2020,9,early,xgboost_lag,1.7205360795022404,1.2064035
14.9,79.15,2020,10,early,xgboost_lag,1.3524936021937792,1.2588557
14.9,79.15,2020,11,early,xgboost_lag,1.6406448758181025,1.1725316
14.9,79.15,2020,12,early,xgboost_lag,1.4482089967997889,1.2230381
14.9,79.4,2019,1,early,xgboost_lag,-0.9675756163627108,-1.3241392
14.9,79.4,2019,2,early,xgboost_lag,-0.925233579884114,-0.9714514
14.9,79.4,2019,3,early,xgboost_lag,-0.995798801141727,-0.90636754
14.9,79.4,2019,5,early,xgboost_lag,-0.5117581273973896,-0.75628436
14.9,79.4,2019,6,early,xgboost_lag,-0.8293869177360025,-0.54954916
14.9,79.4,2019,7,early,xgboost_lag,-1.0648830398230202,-0.85040146
14.9,79.4,2019,8,early,xgboost_lag,-0.7047874373022764,-0.71400905
14.9,79.4,2019,9,early,xgboost_lag,0.1682278552859156,-0.18246901
14.9,79.4,2019,10,early,xgboost_lag,0.825907974938675,0.685091
14.9,79.4,2019,11,early,xgboost_lag,0.4769633561472272,0.51490885
14.9,79.4,2019,12,early,xgboost_lag,0.7463469974323904,0.1238358
14.9,79.4,2020,1,early,xgboost_lag,1.1734075591684008,0.39405248
14.9,79.4,2020,2,early,xgboost_lag,1.154837503505839,0.9775675
14.9,79.4,2020,3,early,xgboost_lag,0.8521724733771118,0.91497016
14.9,79.4,2020,4,early,xgboost_lag,0.081732942534567,0.060894847
14.9,79.4,2020,6,early,xgboost_lag,0.7105786869910954,0.3501919
14.9,79.4,2020,7,early,xgboost_lag,0.7440624103190612,0.7144181
14.9,79.4,2020,9,early,xgboost_lag,1.5691035462578395,1.0937923
14.9,79.4,2020,10,early,xgboost_lag,1.330121195686678,1.2940485
14.9,79.4,2020,11,early,xgboost_lag,1.6387569005738036,1.1910954
14.9,79.4,2020,12,early,xgboost_lag,1.5942143919650802,1.2655429
15.15,76.9,2019,1,early,xgboost_lag,-1.3564778956507106,-1.035568
15.15,76.9,2019,2,early,xgboost_lag,-1.5541447782317843,-1.3662788
15.15,76.9,2019,3,early,xgboost_lag,-1.5262541163522394,-0.87908876
15.15,76.9,2019,5,early,xgboost_lag,-1.4311012394782687,-0.80627954
15.15,76.9,2019,6,early,xgboost_lag,-0.4738984242737524,0.0034679796
15.15,76.9,2019,7,early,xgboost_lag,-1.0754114728437618,-0.64691865
15.15,76.9,2019,8,early,xgboost_lag,-0.6282843348015962,-0.6901236
15.15,76.9,2019,9,early,xgboost_lag,-0.1452105992893129,-0.2201411
15.15,76.9,2019,10,early,xgboost_lag,0.9207923986164032,0.63833266
15.15,76.9,2019,11,early,xgboost_lag,0.9044472291258434,0.6922427
15.15,76.9,2019,12,early,xgboost_lag,0.8935914046837624,0.6384244
15.15,76.9,2020,1,early,xgboost_lag,1.2878197535873337,0.5655909
15.15,76.9,2020,2,early,xgboost_lag,1.2768731908251056,0.9618537
15.15,76.9,2020,3,early,xgboost_lag,1.240571322661587,0.95029706
15.15,76.9,2020,4,early,xgboost_lag,-0.3593420277636773,0.51390094
15.15,76.9,2020,6,early,xgboost_lag,-0.473473541715565,-0.43280193
15.15,76.9,2020,9,early,xgboost_lag,1.3406633111058142,0.70443934
15.15,76.9,2020,10,early,xgboost_lag,1.3550348620322348,0.6870175
15.15,76.9,2020,11,early,xgboost_lag,1.3616744041439006,1.1002603
15.15,76.9,2020,12,early,xgboost_lag,1.3120211997691595,1.1825284
15.15,77.15,2019,1,early,xgboost_lag,-1.341663699463809,-0.92668444
15.15,77.15,2019,2,early,xgboost_lag,-1.5494277341132237,-1.303118
15.15,77.15,2019,3,early,xgboost_lag,-1.5606532390392096,-1.0072877
15.15,77.15,2019,5,early,xgboost_lag,-1.197169121291916,-0.812097
15.15,77.15,2019,6,early,xgboost_lag,-0.3515895231120873,-0.15933087
15.15,77.15,2019,7,early,xgboost_lag,-0.9016869851853996,-0.74043995
15.15,77.15,2019,8,early,xgboost_lag,-0.3655740516216203,-0.4948264
15.15,77.15,2019,9,early,xgboost_lag,-0.0182530866709619,-0.057597492
15.15,77.15,2019,10,early,xgboost_lag,0.7747121623063956,0.68401384
15.15,77.15,2019,11,early,xgboost_lag,0.7508909735411192,0.49859634
15.15,77.15,2019,12,early,xgboost_lag,0.7608648508882391,0.45905116
15.15,77.15,2020,1,early,xgboost_lag,1.1412881171972886,0.52950263
15.15,77.15,2020,2,early,xgboost_lag,1.0957120280565285,0.9992331
15.15,77.15,2020,3,early,xgboost_lag,1.086666723599437,0.78676754
15.15,77.15,2020,4,early,xgboost_lag,-0.2196639966750768,0.29500487
15.15,77.15,2020,6,early,xgboost_lag,-0.2873049101216072,-0.16951862
15.15,77.15,2020,7,early,xgboost_lag,1.183553925575925,0.85611206
15.15,77.15,2020,9,early,xgboost_lag,1.4060068905864216,1.1116186
15.15,77.15,2020,10,early,xgboost_lag,1.3719205458377477,1.0261366
15.15,77.15,2020,11,early,xgboost_lag,1.4139807792280492,1.0979252
15.15,77.15,2020,12,early,xgboost_lag,1.3585831324606763,1.2642182
15.15,77.4,2019,1,early,xgboost_lag,-1.30869967919738,-0.9306774
15.15,77.4,2019,2,early,xgboost_lag,-1.5089704290881798,-1.2933487
15.15,77.4,2019,3,early,xgboost_lag,-1.65686871229327,-0.98195446
15.15,77.4,2019,5,early,xgboost_lag,-1.2735482516141667,-0.7569312
15.15,77.4,2019,6,early,xgboost_lag,-0.379755288572179,0.03279171
15.15,77.4,2019,8,early,xgboost_lag,-0.1997657430418218,0.18602382
15.15,77.4,2019,9,early,xgboost_lag,0.1176889188889796,0.29469997
15.15,77.4,2019,10,early,xgboost_lag,0.7333275018426604,0.6215018
15.15,77.4,2019,11,early,xgboost_lag,0.7197184778681713,0.3809752
15.15,77.4,2019,12,early,xgboost_lag,0.7536236237856403,0.45639655
15.15,77.4,2020,1,early,xgboost_lag,1.1393294068448785,0.5703968
15.15,77.4,2020,2,early,xgboost_lag,1.061182389564544,0.9326706
15.15,77.4,2020,3,early,xgboost_lag,1.0515390952144434,0.8004335
15.15,77.4,2020,4,early,xgboost_lag,0.0870760442458951,0.15718633
15.15,77.4,2020,6,early,xgboost_lag,-0.2125358934520248,-0.09394138
15.15,77.4,2020,7,early,xgboost_lag,1.1781702628183517,0.89793396
15.15,77.4,2020,9,early,xgboost_lag,1.4316112062867428,1.286079
15.15,77.4,2020,10,early,xgboost_lag,1.473458925504306,1.1673244
15.15,77.4,2020,11,early,xgboost_lag,1.542569614083245,1.194983
15.15,77.4,2020,12,early,xgboost_lag,1.476398440665306,1.3864691
15.15,77.65,2019,1,early,xgboost_lag,-1.264390538096134,-1.0517656
15.15,77.65,2019,2,early,xgboost_lag,-1.4108555631925777,-1.3392096
15.15,77.65,2019,3,early,xgboost_lag,-1.6563053903015703,-1.0859678
15.15,77.65,2019,5,early,xgboost_lag,-1.318969349745156,-0.834271
15.15,77.65,2019,6,early,xgboost_lag,-0.339899638444289,0.025328739
15.15,77.65,2019,7,early,xgboost_lag,-0.9491944884259744,-0.6814509
15.15,77.65,2019,8,early,xgboost_lag,-0.1470785610445122,-0.18771957
15.15,77.65,2019,9,early,xgboost_lag,0.2265874947147205,0.2682218
15.15,77.65,2019,10,early,xgboost_lag,0.7046325923527648,0.51342195
15.15,77.65,2019,11,early,xgboost_lag,0.6880224585606923,0.3569243
15.15,77.65,2019,12,early,xgboost_lag,0.7215619283119236,0.45849425
15.15,77.65,2020,1,early,xgboost_lag,1.1120047550194834,0.47253138
15.15,77.65,2020,2,early,xgboost_lag,1.0217627607108106,0.86491036
15.15,77.65,2020,3,early,xgboost_lag,1.0120760728385327,0.68773735
15.15,77.65,2020,4,early,xgboost_lag,0.2554945033031842,0.15390301
15.15,77.65,2020,6,early,xgboost_lag,-0.0127647610332113,0.11076019
15.15,77.65,2020,7,early,xgboost_lag,1.232405758165982,1.0337967
15.15,77.65,2020,9,early,xgboost_lag,1.489969686819839,1.3166273
15.15,77.65,2020,10,early,xgboost_lag,1.5712901269571309,1.2373223
15.15,77.65,2020,11,early,xgboost_lag,1.6438828323285264,1.21169
15.15,77.65,2020,12,early,xgboost_lag,1.557093773294907,1.4682139
15.15,77.9,2019,1,early,xgboost_lag,-1.2881199843450934,-1.2890402
15.15,77.9,2019,2,early,xgboost_lag,-1.3980940821073469,-1.3096856
15.15,77.9,2019,3,early,xgboost_lag,-1.6500167781063937,-1.0651982
15.15,77.9,2019,5,early,xgboost_lag,-1.0405243138644469,-0.8263006
15.15,77.9,2019,6,early,xgboost_lag,-0.0553190965453434,0.21597649
15.15,77.9,2019,7,early,xgboost_lag,-0.8111208421508075,-0.30877456
15.15,77.9,2019,8,early,xgboost_lag,-0.0507955843008525,-0.09389049
15.15,77.9,2019,9,early,xgboost_lag,0.3549213972699856,0.5498642
15.15,77.9,2019,10,early,xgboost_lag,0.7025136054000709,0.75261945
15.15,77.9,2019,11,early,xgboost_lag,0.6741345966363774,0.32613653
15.15,77.9,2019,12,early,xgboost_lag,0.6368286202354584,0.39273232
15.15,77.9,2020,1,early,xgboost_lag,1.033957829993403,0.37804997
15.15,77.9,2020,2,early,xgboost_lag,0.9473970483500624,0.7700633
15.15,77.9,2020,3,early,xgboost_lag,0.8725502530507221,0.6460947
15.15,77.9,2020,4,early,xgboost_lag,0.0863245672054551,0.05388087
15.15,77.9,2020,6,early,xgboost_lag,-0.0995660173073755,0.046610795
15.15,77.9,2020,7,early,xgboost_lag,1.0840105433177034,0.852849
15.15,77.9,2020,9,early,xgboost_lag,1.3597165813575558,1.2812109
15.15,77.9,2020,10,early,xgboost_lag,1.5083086102645478,1.2219696
15.15,77.9,2020,11,early,xgboost_lag,1.6144696213576106,1.2157248
15.15,77.9,2020,12,early,xgboost_lag,1.5289837337353136,1.444012
15.15,78.15,2019,1,early,xgboost_lag,-1.209009872287632,-1.3448203
15.15,78.15,2019,2,early,xgboost_lag,-1.322833549507038,-1.2505156
15.15,78.15,2019,3,early,xgboost_lag,-1.467680397492102,-1.0455723
15.15,78.15,2019,5,early,xgboost_lag,-0.9383784263070584,-0.7803466
15.15,78.15,2019,6,early,xgboost_lag,-0.0279275659094222,0.17435434
15.15,78.15,2019,7,early,xgboost_lag,-0.8473086517952806,-0.08497354
15.15,78.15,2019,8,early,xgboost_lag,0.0345705750540456,0.2543494
15.15,78.15,2019,9,early,xgboost_lag,0.4465744180558049,0.63325304
15.15,78.15,2019,10,early,xgboost_lag,0.6799614139663429,0.8153668
15.15,78.15,2019,11,early,xgboost_lag,0.6285241023552913,0.37869132
15.15,78.15,2019,12,early,xgboost_lag,0.5653188981017585,0.39513522
15.15,78.15,2020,1,early,xgboost_lag,0.9595222496252288,0.355603
15.15,78.15,2020,2,early,xgboost_lag,0.8357382643395462,0.61817294
15.15,78.15,2020,3,early,xgboost_lag,0.609180221950259,0.5545279
15.15,78.15,2020,4,early,xgboost_lag,-0.1089362412862757,-0.16610958
15.15,78.15,2020,6,early,xgboost_lag,-0.0342495096961471,0.28618455
15.15,78.15,2020,7,early,xgboost_lag,0.984799409250485,0.9062142
15.15,78.15,2020,9,early,xgboost_lag,1.2225812986014626,1.275717
15.15,78.15,2020,10,early,xgboost_lag,1.3070642568430224,1.1016781
15.15,78.15,2020,11,early,xgboost_lag,1.543459745593067,1.0991578
15.15,78.15,2020,12,early,xgboost_lag,1.4190715232609046,1.4026037
15.15,78.4,2019,1,early,xgboost_lag,-1.01889737897506,-1.3036863
15.15,78.4,2019,2,early,xgboost_lag,-1.1483288833118226,-1.0567176
15.15,78.4,2019,3,early,xgboost_lag,-1.198832381838276,-0.9323633
15.15,78.4,2019,5,early,xgboost_lag,-0.9769498913459308,-0.6657394
15.15,78.4,2019,6,early,xgboost_lag,-0.3357912811408449,-0.27851078
15.15,78.4,2019,7,early,xgboost_lag,-1.083198270688576,-0.49971145
15.15,78.4,2019,8,early,xgboost_lag,-0.0295495767144959,0.27420977
15.15,78.4,2019,9,early,xgboost_lag,0.4756171851087279,0.6024922
15.15,78.4,2019,10,early,xgboost_lag,0.6318307586208896,0.3377082
15.15,78.4,2019,11,early,xgboost_lag,0.5587523143333825,0.27081352
15.15,78.4,2019,12,early,xgboost_lag,0.5623371133649777,0.2915329
15.15,78.4,2020,1,early,xgboost_lag,0.9471346540816856,0.33009934
15.15,78.4,2020,2,early,xgboost_lag,0.7391392673568915,0.6473382
15.15,78.4,2020,3,early,xgboost_lag,0.3307962748120717,0.43324783
15.15,78.4,2020,4,early,xgboost_lag,-0.2078511370766436,-0.3700218
15.15,78.4,2020,6,early,xgboost_lag,0.2016441436440424,0.37940446
15.15,78.4,2020,7,early,xgboost_lag,0.8383327959822884,0.96968806
15.15,78.4,2020,9,early,xgboost_lag,1.2111149149490532,1.2382119
15.15,78.4,2020,10,early,xgboost_lag,1.085390465926882,0.83330005
15.15,78.4,2020,11,early,xgboost_lag,1.4962196816663371,0.93864906
15.15,78.4,2020,12,early,xgboost_lag,1.2917871179545246,1.2806485
15.15,78.65,2019,1,early,xgboost_lag,-1.2034658001291942,-1.272803
15.15,78.65,2019,2,early,xgboost_lag,-1.3168903778932406,-1.2011901
15.15,78.65,2019,3,early,xgboost_lag,-1.4536349160547697,-1.0717716
15.15,78.65,2019,5,early,xgboost_lag,-0.7613085360723699,-0.85043854
15.15,78.65,2019,6,early,xgboost_lag,-0.4105352233004224,-0.43714964
15.15,78.65,2019,8,early,xgboost_lag,-0.1778170272584747,0.4285653
15.15,78.65,2019,9,early,xgboost_lag,0.5255943222263733,0.6496838
15.15,78.65,2019,10,early,xgboost_lag,0.7574878032966197,0.8463625
15.15,78.65,2019,11,early,xgboost_lag,0.645728046418677,0.35246655
15.15,78.65,2019,12,early,xgboost_lag,0.6827878437313378,0.40992498
15.15,78.65,2020,1,early,xgboost_lag,1.0480313614364745,0.3647764
15.15,78.65,2020,2,early,xgboost_lag,0.9187821209609428,0.7844242
15.15,78.65,2020,3,early,xgboost_lag,0.5102949841822748,0.64254224
15.15,78.65,2020,4,early,xgboost_lag,-0.1207187957133833,0.08327773
15.15,78.65,2020,6,early,xgboost_lag,0.3206116400580346,0.08607504
15.15,78.65,2020,7,early,xgboost_lag,0.8337261809184849,0.8710586
15.15,78.65,2020,9,early,xgboost_lag,1.4497099012150376,1.228972
15.15,78.65,2020,10,early,xgboost_lag,1.2522387178925154,1.0336021
15.15,78.65,2020,11,early,xgboost_lag,1.6409035984234337,0.7153181
15.15,78.65,2020,12,early,xgboost_lag,1.3711091655249474,1.3165389
15.15,78.9,2019,1,early,xgboost_lag,-1.3934702663297611,-1.3986465
15.15,78.9,2019,2,early,xgboost_lag,-1.44767340369205,-1.3890656
15.15,78.9,2019,3,early,xgboost_lag,-1.6334298231488689,-1.2602609
15.15,78.9,2019,5,early,xgboost_lag,-0.6139920838322311,-0.917242
15.15,78.9,2019,6,early,xgboost_lag,-0.4020401241349225,-0.49376193
15.15,78.9,2019,8,early,xgboost_lag,-0.2644425333625545,0.15384586
15.15,78.9,2019,9,early,xgboost_lag,0.6875795014553285,0.6425529
15.15,78.9,2019,10,early,xgboost_lag,0.9850682688764346,0.9102217
15.15,78.9,2019,11,early,xgboost_lag,0.7693555122547345,0.6577018
15.15,78.9,2019,12,early,xgboost_lag,0.8911793643480925,0.39599317
15.15,78.9,2020,1,early,xgboost_lag,1.2183072439013976,0.59942955
15.15,78.9,2020,2,early,xgboost_lag,1.1788683582706505,0.99417794
15.15,78.9,2020,3,early,xgboost_lag,0.7167858939126245,0.9950454
15.15,78.9,2020,4,early,xgboost_lag,-0.0314251015122454,0.053784467
15.15,78.9,2020,6,early,xgboost_lag,0.4763937012352697,0.34962165
15.15,78.9,2020,7,early,xgboost_lag,0.7875814470810856,0.8900752
15.15,78.9,2020,9,early,xgboost_lag,1.5997441842209787,1.2483482
15.15,78.9,2020,10,early,xgboost_lag,1.330468391298511,1.1767517
15.15,78.9,2020,11,early,xgboost_lag,1.6685660503500948,1.1552029
15.15,78.9,2020,12,early,xgboost_lag,1.4010866264824189,1.2550201
15.15,79.15,2019,1,early,xgboost_lag,-1.2515274150315094,-1.5225039
15.15,79.15,2019,2,early,xgboost_lag,-1.344244609571104,-1.2839764
15.15,79.15,2019,3,early,xgboost_lag,-1.5014922646909663,-1.0523261
15.15,79.15,2019,5,early,xgboost_lag,-0.5716818722732019,-1.048661
15.15,79.15,2019,6,early,xgboost_lag,-0.4808946730148074,-0.54034954
15.15,79.15,2019,7,early,xgboost_lag,-0.7772196766336947,-0.5648706
15.15,79.15,2019,8,early,xgboost_lag,-0.413797168113835,-0.43780413
15.15,79.15,2019,9,early,xgboost_lag,0.5992173960692457,0.14004587
15.15,79.15,2019,10,early,xgboost_lag,1.0474280621121104,0.92071813
15.15,79.15,2019,11,early,xgboost_lag,0.7457941047324391,0.7315877
15.15,79.15,2019,12,early,xgboost_lag,0.9709504943767796,0.2978471
15.15,79.15,2020,1,early,xgboost_lag,1.3127968553102696,0.6320962
15.15,79.15,2020,2,early,xgboost_lag,1.2764581148943763,1.1478356
15.15,79.15,2020,3,early,xgboost_lag,0.8761247217174133,1.103634
15.15,79.15,2020,4,early,xgboost_lag,0.0560376387483433,0.1828526
15.15,79.15,2020,6,early,xgboost_lag,0.6299519125439069,0.31668237
15.15,79.15,2020,7,early,xgboost_lag,0.7036450936264206,0.47545037
15.15,79.15,2020,9,early,xgboost_lag,1.5768475831216402,1.123142
15.15,79.15,2020,10,early,xgboost_lag,1.3165563056214311,1.2257022
15.15,79.15,2020,11,early,xgboost_lag,1.641409254344815,1.1921058
15.15,79.15,2020,12,early,xgboost_lag,1.4711668401836695,1.2530183
15.15,79.4,2019,1,early,xgboost_lag,-1.00842192946434,-1.4404734
15.15,79.4,2019,2,early,xgboost_lag,-1.1250459990126962,-1.0808212
15.15,79.4,2019,3,early,xgboost_lag,-1.249978540572009,-1.0175334
15.15,79.4,2019,5,early,xgboost_lag,-0.3428113053734813,-0.8185632
15.15,79.4,2019,6,early,xgboost_lag,-0.643223343287763,-0.467239
15.15,79.4,2019,7,early,xgboost_lag,-1.0215604199173187,-0.68381065
15.15,79.4,2019,8,early,xgboost_lag,-0.597931954545411,-0.42555448
15.15,79.4,2019,9,early,xgboost_lag,0.3253374821981324,0.064297095
15.15,79.4,2019,10,early,xgboost_lag,0.9413430260603608,0.8755191
15.15,79.4,2019,11,early,xgboost_lag,0.630527274577641,0.6030066
15.15,79.4,2019,12,early,xgboost_lag,0.9155559018501568,0.3573825
15.15,79.4,2020,1,early,xgboost_lag,1.3165380194498426,0.5549035
15.15,79.4,2020,2,early,xgboost_lag,1.2515092346682963,1.0556943
15.15,79.4,2020,3,early,xgboost_lag,0.9196143631006348,1.0355346
15.15,79.4,2020,4,early,xgboost_lag,0.0837139747158485,0.3479019
15.15,79.4,2020,6,early,xgboost_lag,0.4812403307988831,0.32661363
15.15,79.4,2020,7,early,xgboost_lag,0.5405540543577152,0.5356052
15.15,79.4,2020,9,early,xgboost_lag,1.4792057990325471,1.1877909
15.15,79.4,2020,10,early,xgboost_lag,1.3011045172382332,1.3222755
15.15,79.4,2020,11,early,xgboost_lag,1.6223014880136075,1.2201644
15.15,79.4,2020,12,early,xgboost_lag,1.576137170024615,1.2914855
15.4,76.9,2019,1,early,xgboost_lag,-1.1732210127310865,-0.94564664
15.4,76.9,2019,2,early,xgboost_lag,-1.4393973504540387,-1.1754973
15.4,76.9,2019,3,early,xgboost_lag,-1.3831482497860932,-0.86391187
15.4,76.9,2019,5,early,xgboost_lag,-1.4427076485473722,-0.8206016
15.4,76.9,2019,6,early,xgboost_lag,-0.3013881874391489,-0.23284744
15.4,76.9,2019,7,early,xgboost_lag,-0.7318610535865283,-0.7352903
15.4,76.9,2019,8,early,xgboost_lag,-0.4049845373960639,-0.42964378
15.4,76.9,2019,9,early,xgboost_lag,-0.1335431699311416,-0.15172912
15.4,76.9,2019,10,early,xgboost_lag,0.6526602115219136,0.43357193
15.4,76.9,2019,11,early,xgboost_lag,0.6648819308455088,0.39069697
15.4,76.9,2019,12,early,xgboost_lag,0.6855806958655217,0.46918884
15.4,76.9,2020,1,early,xgboost_lag,1.1257581634342206,0.470506
15.4,76.9,2020,2,early,xgboost_lag,1.0676330885937466,0.9006167
15.4,76.9,2020,3,early,xgboost_lag,1.1939751754138062,0.80555755
15.4,76.9,2020,4,early,xgboost_lag,-0.0826119112149474,0.44163835
15.4,76.9,2020,6,early,xgboost_lag,-0.1093511975480925,-0.040048923
15.4,76.9,2020,9,early,xgboost_lag,1.3052416366309436,0.66942996
15.4,76.9,2020,10,early,xgboost_lag,1.3422848126802436,0.92903036
15.4,76.9,2020,11,early,xgboost_lag,1.3570789427963912,0.9789141
15.4,76.9,2020,12,early,xgboost_lag,1.3543400373754084,1.1735029
15.4,77.15,2019,1,early,xgboost_lag,-1.0801192336182532,-0.8278534
15.4,77.15,2019,2,early,xgboost_lag,-1.3108529365969055,-1.0545026
15.4,77.15,2019,3,early,xgboost_lag,-1.2271791002985206,-0.86344486
15.4,77.15,2019,5,early,xgboost_lag,-1.5161208081761892,-0.80723774
15.4,77.15,2019,6,early,xgboost_lag,-0.4330317188867745,0.019999411
15.4,77.15,2019,7,early,xgboost_lag,-1.0746120091679323,-0.798268
15.4,77.15,2019,8,early,xgboost_lag,-0.6153113410490731,-0.71916014
15.4,77.15,2019,9,early,xgboost_lag,-0.0978898593849222,-0.021334216
15.4,77.15,2019,10,early,xgboost_lag,0.753228871692019,0.6026313
15.4,77.15,2019,11,early,xgboost_lag,0.7711720540794391,0.4499739
15.4,77.15,2019,12,early,xgboost_lag,0.8031226385412534,0.5535142
15.4,77.15,2020,1,early,xgboost_lag,1.2376352406875628,0.6087403
15.4,77.15,2020,2,early,xgboost_lag,1.1789094518731589,1.0888158
15.4,77.15,2020,3,early,xgboost_lag,1.267491297299065,0.79735553
15.4,77.15,2020,4,early,xgboost_lag,-0.0392831174626529,0.52385014
15.4,77.15,2020,6,early,xgboost_lag,0.0228930391346034,-0.062616244
15.4,77.15,2020,7,early,xgboost_lag,1.336156711931981,0.767135
15.4,77.15,2020,9,early,xgboost_lag,1.5169795503972905,1.2843283
15.4,77.15,2020,10,early,xgboost_lag,1.475760785050507,1.0892916
15.4,77.15,2020,11,early,xgboost_lag,1.4889845168713218,1.1985165
15.4,77.15,2020,12,early,xgboost_lag,1.4183241760457743,1.4306023
15.4,77.4,2019,1,early,xgboost_lag,-1.0681348802453698,-0.7802943
15.4,77.4,2019,2,early,xgboost_lag,-1.307872966109644,-1.1884564
15.4,77.4,2019,3,early,xgboost_lag,-1.3485500832851234,-0.8500591
15.4,77.4,2019,5,early,xgboost_lag,-1.5798673269933514,-0.8531927
15.4,77.4,2019,6,early,xgboost_lag,-0.4418840057413263,0.028323287
15.4,77.4,2019,7,early,xgboost_lag,-1.0713940839561384,-0.69742084
15.4,77.4,2019,8,early,xgboost_lag,-0.4269506667662929,-0.45163503
15.4,77.4,2019,9,early,xgboost_lag,0.047685402700035,0.04838654
15.4,77.4,2019,10,early,xgboost_lag,0.706892206448012,0.6389289
15.4,77.4,2019,11,early,xgboost_lag,0.739777664364789,0.4024669
15.4,77.4,2019,12,early,xgboost_lag,0.7899605348948441,0.44246027
15.4,77.4,2020,1,early,xgboost_lag,1.2357621883196264,0.64606017
15.4,77.4,2020,2,early,xgboost_lag,1.140136957682412,1.0821503
15.4,77.4,2020,3,early,xgboost_lag,1.218164527287151,0.79015005
15.4,77.4,2020,4,early,xgboost_lag,0.2188144267319873,0.15291709
15.4,77.4,2020,6,early,xgboost_lag,0.1008221037040389,0.2266076
15.4,77.4,2020,7,early,xgboost_lag,1.3333649459089747,0.9222152
15.4,77.4,2020,9,early,xgboost_lag,1.532379490465461,1.2652122
15.4,77.4,2020,10,early,xgboost_lag,1.552401723118144,1.1962794
15.4,77.4,2020,11,early,xgboost_lag,1.6070410741287402,1.2021288
15.4,77.4,2020,12,early,xgboost_lag,1.526899398814891,1.4902624
15.4,77.65,2019,1,early,xgboost_lag,-1.0800361742264823,-0.8931091
15.4,77.65,2019,2,early,xgboost_lag,-1.2833162737984063,-1.2138641
15.4,77.65,2019,3,early,xgboost_lag,-1.4400433828488817,-0.8460507
15.4,77.65,2019,5,early,xgboost_lag,-1.4806176793740196,-0.90874046
15.4,77.65,2019,6,early,xgboost_lag,-0.350468606053075,0.12707236
15.4,77.65,2019,7,early,xgboost_lag,-1.019475325668317,-0.69456565
15.4,77.65,2019,8,early,xgboost_lag,-0.3600142070811552,-0.464038
15.4,77.65,2019,9,early,xgboost_lag,0.0893246097380739,0.1326425
15.4,77.65,2019,10,early,xgboost_lag,0.6370982650269735,0.55659175
15.4,77.65,2019,11,early,xgboost_lag,0.6629463900608581,0.40811443
15.4,77.65,2019,12,early,xgboost_lag,0.7044316292970162,0.38919652
15.4,77.65,2020,1,early,xgboost_lag,1.1716837803117874,0.5043617
15.4,77.65,2020,2,early,xgboost_lag,1.0728324372153688,1.0249889
15.4,77.65,2020,3,early,xgboost_lag,1.083599385629272,0.8050527
15.4,77.65,2020,4,early,xgboost_lag,0.2916275818146115,0.1400159
15.4,77.65,2020,6,early,xgboost_lag,0.1425555437265945,0.33304045
15.4,77.65,2020,7,early,xgboost_lag,1.269314221742751,0.98560643
15.4,77.65,2020,9,early,xgboost_lag,1.5880765706552746,1.3263489
15.4,77.65,2020,10,early,xgboost_lag,1.6451188840327535,1.2427583
15.4,77.65,2020,11,early,xgboost_lag,1.706434978732678,1.2726767
15.4,77.65,2020,12,early,xgboost_lag,1.6166380973868173,1.5368422
15.4,77.9,2019,1,early,xgboost_lag,-1.1202278406405113,-1.1562213
15.4,77.9,2019,2,early,xgboost_lag,-1.2758859161592273,-1.243493
15.4,77.9,2019,3,early,xgboost_lag,-1.4315193085313864,-0.94427335
15.4,77.9,2019,5,early,xgboost_lag,-1.153374202383821,-0.8493116
15.4,77.9,2019,6,early,xgboost_lag,-0.067288088420224,0.2920913
15.4,77.9,2019,7,early,xgboost_lag,-0.8719634250263321,-0.4421556
15.4,77.9,2019,8,early,xgboost_lag,-0.2639833249800525,-0.14707716
15.4,77.9,2019,9,early,xgboost_lag,0.2155660507530887,0.40765765
15.4,77.9,2019,10,early,xgboost_lag,0.643881223293741,0.5545105
15.4,77.9,2019,11,early,xgboost_lag,0.6545457717824009,0.3441124
15.4,77.9,2019,12,early,xgboost_lag,0.6234498412575612,0.4454591
15.4,77.9,2020,1,early,xgboost_lag,1.0832593635461167,0.43468165
15.4,77.9,2020,2,early,xgboost_lag,0.9934496294000404,0.8344343
15.4,77.9,2020,3,early,xgboost_lag,0.9337194654567398,0.6919125
15.4,77.9,2020,4,early,xgboost_lag,0.0913909182745765,0.10593283
15.4,77.9,2020,6,early,xgboost_lag,0.0557043874872356,0.040733553
15.4,77.9,2020,7,early,xgboost_lag,1.1177871835962063,0.99343264
15.4,77.9,2020,9,early,xgboost_lag,1.4807676132510998,1.349431
15.4,77.9,2020,10,early,xgboost_lag,1.590772448814314,1.2283164
15.4,77.9,2020,11,early,xgboost_lag,1.6886775389016202,1.2604043
15.4,77.9,2020,12,early,xgboost_lag,1.594936231434028,1.5471401
15.4,78.15,2019,1,early,xgboost_lag,-1.0552364543978998,-1.304009
15.4,78.15,2019,2,early,xgboost_lag,-1.1836778310945488,-1.1529272
15.4,78.15,2019,3,early,xgboost_lag,-1.245595942258567,-1.0096773
15.4,78.15,2019,5,early,xgboost_lag,-0.6243369763328135,-0.73436743
15.4,78.15,2019,6,early,xgboost_lag,0.1295309559177191,0.056317315
15.4,78.15,2019,7,early,xgboost_lag,-0.8559793957071061,0.20919304
15.4,78.15,2019,8,early,xgboost_lag,-0.1295321680792309,0.2453181
15.4,78.15,2019,9,early,xgboost_lag,0.264952340273049,0.4789907
15.4,78.15,2019,10,early,xgboost_lag,0.5128925534883759,0.60454917
15.4,78.15,2019,11,early,xgboost_lag,0.5303733916571339,0.32180622
15.4,78.15,2019,12,early,xgboost_lag,0.4333423224709916,0.32164797
15.4,78.15,2020,1,early,xgboost_lag,0.8976068489454466,0.25237638
15.4,78.15,2020,2,early,xgboost_lag,0.7369628429965842,0.4184817
15.4,78.15,2020,3,early,xgboost_lag,0.5312892652285631,0.4284296
15.4,78.15,2020,4,early,xgboost_lag,-0.2553063853915351,-0.31850523
15.4,78.15,2020,6,early,xgboost_lag,-0.0685893762621699,0.23871301
15.4,78.15,2020,7,early,xgboost_lag,0.9071338548256774,0.97544146
15.4,78.15,2020,9,early,xgboost_lag,1.2871690872894128,1.2697023
15.4,78.15,2020,10,early,xgboost_lag,1.405730803288222,1.1310378
15.4,78.15,2020,11,early,xgboost_lag,1.6111840062416798,1.1326342
15.4,78.15,2020,12,early,xgboost_lag,1.4826283400168905,1.45553
15.4,78.4,2019,1,early,xgboost_lag,-0.8655102121294354,-1.19243
15.4,78.4,2019,2,early,xgboost_lag,-1.028229727634085,-0.9624094
15.4,78.4,2019,3,early,xgboost_lag,-1.013798040669636,-0.8759526
15.4,78.4,2019,5,early,xgboost_lag,-0.643066157581568,-0.5581648
15.4,78.4,2019,6,early,xgboost_lag,-0.0994544406133501,-0.050071653
15.4,78.4,2019,7,early,xgboost_lag,-0.9821812227271168,0.006837534
15.4,78.4,2019,9,early,xgboost_lag,0.3254919168714243,0.42136422
15.4,78.4,2019,10,early,xgboost_lag,0.4625517078082848,0.114850305
15.4,78.4,2019,11,early,xgboost_lag,0.4677465067588413,-0.025113804
15.4,78.4,2019,12,early,xgboost_lag,0.419629088077288,0.10395447
15.4,78.4,2020,1,early,xgboost_lag,0.8784618554431953,0.091057755
15.4,78.4,2020,2,early,xgboost_lag,0.6223626634644034,0.36928266
15.4,78.4,2020,3,early,xgboost_lag,0.2392793716331413,0.34905717
15.4,78.4,2020,4,early,xgboost_lag,-0.3940249715963437,-0.43144742
15.4,78.4,2020,6,early,xgboost_lag,0.1086256043444146,0.5541284
15.4,78.4,2020,7,early,xgboost_lag,0.7365289906459768,0.87810045
15.4,78.4,2020,9,early,xgboost_lag,1.2576252765920048,1.2122144
15.4,78.4,2020,10,early,xgboost_lag,1.2092973527024031,0.8993669
15.4,78.4,2020,11,early,xgboost_lag,1.563895822853561,0.90078676
15.4,78.4,2020,12,early,xgboost_lag,1.359767261200062,1.2555165
15.4,78.65,2019,1,early,xgboost_lag,-0.9248256089950512,-1.0177828
15.4,78.65,2019,2,early,xgboost_lag,-1.1607032879205634,-1.0081122
15.4,78.65,2019,3,early,xgboost_lag,-1.3312047646742915,-1.0513179
15.4,78.65,2019,5,early,xgboost_lag,-0.6899605258660932,-0.76734585
15.4,78.65,2019,6,early,xgboost_lag,-0.3790156788901242,-0.21164663
15.4,78.65,2019,8,early,xgboost_lag,-0.1265646066908557,0.4419313
15.4,78.65,2019,9,early,xgboost_lag,0.6766775117002821,0.60362834
15.4,78.65,2019,10,early,xgboost_lag,0.8887971079230027,0.8516535
15.4,78.65,2019,11,early,xgboost_lag,0.8190391486795543,0.5699494
15.4,78.65,2019,12,early,xgboost_lag,0.8390951702300946,0.6009316
15.4,78.65,2020,1,early,xgboost_lag,1.1820046939201951,0.51409215
15.4,78.65,2020,2,early,xgboost_lag,1.0253944572011966,1.0361007
15.4,78.65,2020,3,early,xgboost_lag,0.5104687556646196,0.7475555
15.4,78.65,2020,4,early,xgboost_lag,-0.2395893564672035,0.11598854
15.4,78.65,2020,6,early,xgboost_lag,0.3138614526624312,0.393878
15.4,78.65,2020,7,early,xgboost_lag,0.7806219584872616,0.9017089
15.4,78.65,2020,9,early,xgboost_lag,1.5394585502221578,1.1517489
15.4,78.65,2020,10,early,xgboost_lag,1.418431970653573,1.1796571
15.4,78.65,2020,11,early,xgboost_lag,1.7865817565260351,0.9298397
15.4,78.65,2020,12,early,xgboost_lag,1.5134673732174533,1.4296454
15.4,78.9,2019,1,early,xgboost_lag,-1.133669105891219,-1.2826463
15.4,78.9,2019,2,early,xgboost_lag,-1.3366897016395074,-1.2611483
15.4,78.9,2019,3,early,xgboost_lag,-1.5702396669906604,-1.1876585
15.4,78.9,2019,5,early,xgboost_lag,-0.5311687304922376,-0.8693191
15.4,78.9,2019,6,early,xgboost_lag,-0.3711552139614283,-0.38352513
15.4,78.9,2019,8,early,xgboost_lag,-0.2147582547794053,0.333289
15.4,78.9,2019,9,early,xgboost_lag,0.8673563514680296,0.65898216
15.4,78.9,2019,10,early,xgboost_lag,1.10833958373243,0.99837744
15.4,78.9,2019,11,early,xgboost_lag,0.9324055075487476,0.7643508
15.4,78.9,2019,12,early,xgboost_lag,1.0471513915463238,0.60488147
15.4,78.9,2020,1,early,xgboost_lag,1.3579198931688448,0.69440293
15.4,78.9,2020,2,early,xgboost_lag,1.2732559654047777,0.9590828
15.4,78.9,2020,3,early,xgboost_lag,0.6968005289074517,1.1673276
15.4,78.9,2020,4,early,xgboost_lag,-0.131919410934993,0.19205938
15.4,78.9,2020,6,early,xgboost_lag,0.4383743809080379,0.30360058
15.4,78.9,2020,7,early,xgboost_lag,0.7013890213253242,0.9614643
15.4,78.9,2020,9,early,xgboost_lag,1.7068595261737636,1.1252724
15.4,78.9,2020,10,early,xgboost_lag,1.5326528810862077,1.2383994
15.4,78.9,2020,11,early,xgboost_lag,1.847114793021109,1.2257214
15.4,78.9,2020,12,early,xgboost_lag,1.5934897927020455,1.4312345
15.4,79.15,2019,1,early,xgboost_lag,-1.0432492491439735,-1.2940128
15.4,79.15,2019,2,early,xgboost_lag,-1.341981603160454,-1.1811438
15.4,79.15,2019,3,early,xgboost_lag,-1.5484281703253158,-1.0657252
15.4,79.15,2019,5,early,xgboost_lag,-0.4923566602918657,-0.856822
15.4,79.15,2019,6,early,xgboost_lag,-0.4426655084029608,-0.4821472
15.4,79.15,2019,7,early,xgboost_lag,-0.6742044379226154,-0.48114735
15.4,79.15,2019,8,early,xgboost_lag,-0.1775739239221658,-0.37598163
15.4,79.15,2019,9,early,xgboost_lag,0.7856913611714111,0.4644119
15.4,79.15,2019,10,early,xgboost_lag,1.1525674719508974,0.99802005
15.4,79.15,2019,11,early,xgboost_lag,0.9483026168007472,0.81201535
15.4,79.15,2019,12,early,xgboost_lag,1.169521061081816,0.5751023
15.4,79.15,2020,1,early,xgboost_lag,1.5171177739457955,0.8117639
15.4,79.15,2020,2,early,xgboost_lag,1.428047879241179,1.1886805
15.4,79.15,2020,3,early,xgboost_lag,0.9487299194401968,1.0968164
15.4,79.15,2020,4,early,xgboost_lag,0.0190092769623437,0.2463319
15.4,79.15,2020,6,early,xgboost_lag,0.5082220580114263,0.26487872
15.4,79.15,2020,7,early,xgboost_lag,0.590773801180201,0.47766775
15.4,79.15,2020,9,early,xgboost_lag,1.734240675473123,1.1460717
15.4,79.15,2020,10,early,xgboost_lag,1.5445541471865147,1.2237542
15.4,79.15,2020,11,early,xgboost_lag,1.794098236454979,1.2624574
15.4,79.15,2020,12,early,xgboost_lag,1.671280682156744,1.3881179
15.4,79.4,2019,1,early,xgboost_lag,-0.8349175177951563,-1.065245
15.4,79.4,2019,2,early,xgboost_lag,-1.1822133638435466,-1.0181581
15.4,79.4,2019,3,early,xgboost_lag,-1.3067886417829455,-0.9553426
15.4,79.4,2019,5,early,xgboost_lag,-0.2312135218918228,-0.87343276
15.4,79.4,2019,6,early,xgboost_lag,-0.5498061115786599,-0.4348089
15.4,79.4,2019,7,early,xgboost_lag,-0.8688164330591447,-0.54058236
15.4,79.4,2019,8,early,xgboost_lag,-0.299275751529437,-0.23003837
15.4,79.4,2019,9,early,xgboost_lag,0.5580830249863448,0.31948453
15.4,79.4,2019,10,early,xgboost_lag,1.066713154094672,1.0700392
15.4,79.4,2019,11,early,xgboost_lag,0.8549245027880493,0.81912255
15.4,79.4,2019,12,early,xgboost_lag,1.1368192170721954,0.48896104
15.4,79.4,2020,1,early,xgboost_lag,1.542700735911997,0.77407444
15.4,79.4,2020,2,early,xgboost_lag,1.4291942509695366,1.2143568
15.4,79.4,2020,3,early,xgboost_lag,1.029975555460121,1.0930477
15.4,79.4,2020,4,early,xgboost_lag,0.1015407540119576,0.30246636
15.4,79.4,2020,6,early,xgboost_lag,0.4218755166550124,0.15079975
15.4,79.4,2020,7,early,xgboost_lag,0.5084366462680584,0.46168676
15.4,79.4,2020,9,early,xgboost_lag,1.664876609500893,1.135596
15.4,79.4,2020,10,early,xgboost_lag,1.5362137768694328,1.4122559
15.4,79.4,2020,11,early,xgboost_lag,1.7804942471795169,1.3529364
15.4,79.4,2020,12,early,xgboost_lag,1.757394510603229,1.4446104
15.65,76.9,2019,1,early,xgboost_lag,-1.100981695924387,-0.86019355
15.65,76.9,2019,2,early,xgboost_lag,-1.4828738022766768,-1.2096707
15.65,76.9,2019,3,early,xgboost_lag,-1.352823010041149,-0.8335072
15.65,76.9,2019,5,early,xgboost_lag,-1.599523418092292,-0.8641874
15.65,76.9,2019,6,early,xgboost_lag,-0.3593635216587264,-0.13890062
15.65,76.9,2019,7,early,xgboost_lag,-0.6344409831020696,-0.60937536
15.65,76.9,2019,8,early,xgboost_lag,-0.2542633882562379,-0.18870066
15.65,76.9,2019,9,early,xgboost_lag,-0.0486165114359309,-0.054920964
15.65,76.9,2019,10,early,xgboost_lag,0.5923656129541962,0.42563587
15.65,76.9,2019,11,early,xgboost_lag,0.6475333227915363,0.4044022
15.65,76.9,2019,12,early,xgboost_lag,0.695949483649495,0.47179374
15.65,76.9,2020,1,early,xgboost_lag,1.1463903378829396,0.41791648
15.65,76.9,2020,2,early,xgboost_lag,1.0045656051866052,0.7297816
15.65,76.9,2020,3,early,xgboost_lag,1.1624757994972896,0.56958663
15.65,76.9,2020,4,early,xgboost_lag,0.1565105571005927,0.4058583
15.65,76.9,2020,6,early,xgboost_lag,0.0041385368910045,0.15782101
15.65,76.9,2020,9,early,xgboost_lag,1.3480764996428638,0.7918662
15.65,76.9,2020,10,early,xgboost_lag,1.3748756055753004,0.9755541
15.65,76.9,2020,11,early,xgboost_lag,1.3983749725254355,0.94725734
15.65,76.9,2020,12,early,xgboost_lag,1.4316189247788724,1.2830371
15.65,77.15,2019,1,early,xgboost_lag,-1.003871643891615,-0.85974383
15.65,77.15,2019,2,early,xgboost_lag,-1.3547987288336785,-1.1689851
15.65,77.15,2019,3,early,xgboost_lag,-1.2222061934450157,-0.7718102
15.65,77.15,2019,5,early,xgboost_lag,-1.6563708727092863,-0.764613
15.65,77.15,2019,6,early,xgboost_lag,-0.4937956825106852,0.07223915
15.65,77.15,2019,7,early,xgboost_lag,-0.9420990392595648,-0.5739844
15.65,77.15,2019,8,early,xgboost_lag,-0.4439062640153063,-0.47326872
15.65,77.15,2019,9,early,xgboost_lag,-0.0342757308686026,0.013604732
15.65,77.15,2019,10,early,xgboost_lag,0.6604148582566326,0.3439865
15.65,77.15,2019,11,early,xgboost_lag,0.7285670422685232,0.43263948
15.65,77.15,2019,12,early,xgboost_lag,0.8008443855712276,0.45857134
15.65,77.15,2020,1,early,xgboost_lag,1.2439494357554586,0.5905181
15.65,77.15,2020,2,early,xgboost_lag,1.1085296320994948,1.1139299
15.65,77.15,2020,3,early,xgboost_lag,1.2471327765617946,0.8103915
15.65,77.15,2020,4,early,xgboost_lag,0.200784136902561,0.48194656
15.65,77.15,2020,6,early,xgboost_lag,0.1394461886279856,0.16199698
15.65,77.15,2020,7,early,xgboost_lag,1.2811797979486803,0.82396704
15.65,77.15,2020,9,early,xgboost_lag,1.52436286193069,1.210155
15.65,77.15,2020,10,early,xgboost_lag,1.4854299547790055,1.1141232
15.65,77.15,2020,11,early,xgboost_lag,1.5178280008862033,1.2553579
15.65,77.15,2020,12,early,xgboost_lag,1.4991984373239888,1.4047172
15.65,77.4,2019,1,early,xgboost_lag,-0.9976989023236396,-0.73139185
15.65,77.4,2019,2,early,xgboost_lag,-1.4283140067247355,-1.0226403
15.65,77.4,2019,3,early,xgboost_lag,-1.2835429577180548,-0.8030043
15.65,77.4,2019,5,early,xgboost_lag,-1.71057413321427,-0.8649764
15.65,77.4,2019,6,early,xgboost_lag,-0.6113547005796571,0.053131655
15.65,77.4,2019,7,early,xgboost_lag,-1.1833512705807685,-0.7139862
15.65,77.4,2019,8,early,xgboost_lag,-0.6980064028355429,-0.6160628
15.65,77.4,2019,9,early,xgboost_lag,-0.0580039286403895,-0.10967576
15.65,77.4,2019,10,early,xgboost_lag,0.6192948617352209,0.40721586
15.65,77.4,2019,11,early,xgboost_lag,0.6927251593683513,0.43042174
15.65,77.4,2019,12,early,xgboost_lag,0.777103756558913,0.44032192
15.65,77.4,2020,1,early,xgboost_lag,1.253106465133411,0.5357246
15.65,77.4,2020,2,early,xgboost_lag,1.1005967139165618,1.0700554
15.65,77.4,2020,3,early,xgboost_lag,1.1548791699529293,0.8184297
15.65,77.4,2020,4,early,xgboost_lag,0.1536028851881149,0.29971093
15.65,77.4,2020,6,early,xgboost_lag,0.2247947993017611,0.1475567
15.65,77.4,2020,7,early,xgboost_lag,1.3171940665734465,0.99050283
15.65,77.4,2020,9,early,xgboost_lag,1.7403137362598529,1.240551
15.65,77.4,2020,10,early,xgboost_lag,1.5920231424818372,1.1191369
15.65,77.4,2020,11,early,xgboost_lag,1.6525599036236382,1.2844881
15.65,77.4,2020,12,early,xgboost_lag,1.584691535950741,1.5222327
15.65,77.65,2019,1,early,xgboost_lag,-1.02433739372488,-0.8322152
15.65,77.65,2019,2,early,xgboost_lag,-1.426417935257386,-1.2080065
15.65,77.65,2019,3,early,xgboost_lag,-1.401770165688347,-0.84613335
15.65,77.65,2019,5,early,xgboost_lag,-1.590890881014189,-0.8838984
15.65,77.65,2019,6,early,xgboost_lag,-0.511620704639888,0.072728984
15.65,77.65,2019,7,early,xgboost_lag,-1.1390777910585523,-0.67941713
15.65,77.65,2019,8,early,xgboost_lag,-0.6476295798178455,-0.5603947
15.65,77.65,2019,9,early,xgboost_lag,-0.0188548995304337,-0.08351574
15.65,77.65,2019,10,early,xgboost_lag,0.5537732439651202,0.3764568
15.65,77.65,2019,11,early,xgboost_lag,0.6211887489330372,0.28792077
15.65,77.65,2019,12,early,xgboost_lag,0.6974093623183606,0.43701184
15.65,77.65,2020,1,early,xgboost_lag,1.2105140910211716,0.4857424
15.65,77.65,2020,2,early,xgboost_lag,1.048149860146322,1.049002
15.65,77.65,2020,3,early,xgboost_lag,1.0359769506811531,0.74558926
15.65,77.65,2020,4,early,xgboost_lag,0.2170646552844843,0.28599083
15.65,77.65,2020,6,early,xgboost_lag,0.2631646451963828,0.22963744
15.65,77.65,2020,7,early,xgboost_lag,1.261905058580958,0.9717113
15.65,77.65,2020,9,early,xgboost_lag,1.7887077220116183,1.2515264
15.65,77.65,2020,10,early,xgboost_lag,1.694539251654017,1.2422968
15.65,77.65,2020,11,early,xgboost_lag,1.768095962107428,1.3137597
15.65,77.65,2020,12,early,xgboost_lag,1.6859998492903108,1.6086377
15.65,77.9,2019,1,early,xgboost_lag,-0.9519258757487822,-0.88782096
15.65,77.9,2019,2,early,xgboost_lag,-1.312073011916684,-1.193229
15.65,77.9,2019,3,early,xgboost_lag,-1.3507874296436255,-0.77985126
15.65,77.9,2019,5,early,xgboost_lag,-1.253315438214082,-0.7896451
15.65,77.9,2019,6,early,xgboost_lag,-0.2610672759759606,0.45574984
15.65,77.9,2019,7,early,xgboost_lag,-1.041109347561464,-0.5441741
15.65,77.9,2019,8,early,xgboost_lag,-0.5280957272608079,-0.3525888
15.65,77.9,2019,9,early,xgboost_lag,0.0572239403921198,0.085694246
15.65,77.9,2019,10,early,xgboost_lag,0.518158346135637,0.40263146
15.65,77.9,2019,11,early,xgboost_lag,0.5584568165862372,0.3306661
15.65,77.9,2019,12,early,xgboost_lag,0.580627580645822,0.3422565
15.65,77.9,2020,1,early,xgboost_lag,1.08625445465884,0.44114655
15.65,77.9,2020,2,early,xgboost_lag,0.9447018525666944,0.9017303
15.65,77.9,2020,3,early,xgboost_lag,0.842633289532589,0.71203345
15.65,77.9,2020,4,early,xgboost_lag,0.0092120469655611,-0.057230175
15.65,77.9,2020,6,early,xgboost_lag,0.2889218759415139,0.25454
15.65,77.9,2020,7,early,xgboost_lag,1.2874948509526338,1.1192147
15.65,77.9,2020,9,early,xgboost_lag,1.788721139805865,1.3434929
15.65,77.9,2020,10,early,xgboost_lag,1.711075554374557,1.2057686
15.65,77.9,2020,11,early,xgboost_lag,1.7879871501785027,1.3543572
15.65,77.9,2020,12,early,xgboost_lag,1.6929858999531673,1.5425614
15.65,78.15,2019,1,early,xgboost_lag,-0.8773091749638735,-1.0732434
15.65,78.15,2019,2,early,xgboost_lag,-1.210328088773334,-1.0727446
15.65,78.15,2019,3,early,xgboost_lag,-1.1583091355104334,-0.89390004
15.65,78.15,2019,5,early,xgboost_lag,-0.6669498274920185,-0.70892733
15.65,78.15,2019,6,early,xgboost_lag,-0.0402848737893433,0.063685715
15.65,78.15,2019,7,early,xgboost_lag,-1.000895750693816,-0.07458424
15.65,78.15,2019,8,early,xgboost_lag,-0.3727464943558387,-0.055733886
15.65,78.15,2019,9,early,xgboost_lag,0.1108440971242924,0.21578877
15.65,78.15,2019,10,early,xgboost_lag,0.3836523106473244,0.09935846
15.65,78.15,2019,11,early,xgboost_lag,0.4237598729517964,0.124602415
15.65,78.15,2019,12,early,xgboost_lag,0.379835927519272,0.19444388
15.65,78.15,2020,1,early,xgboost_lag,0.8813960512301662,0.16549593
15.65,78.15,2020,2,early,xgboost_lag,0.6776914626281613,0.41543952
15.65,78.15,2020,3,early,xgboost_lag,0.4346270053472861,0.39886412
15.65,78.15,2020,4,early,xgboost_lag,-0.3803328766905031,-0.60427535
15.65,78.15,2020,6,early,xgboost_lag,0.1347327797769633,0.29177725
15.65,78.15,2020,7,early,xgboost_lag,1.0924972472408676,1.1649072
15.65,78.15,2020,9,early,xgboost_lag,1.6225511305639522,1.3286704
15.65,78.15,2020,10,early,xgboost_lag,1.5498251275686812,1.217617
15.65,78.15,2020,11,early,xgboost_lag,1.7203525440007263,1.2768033
15.65,78.15,2020,12,early,xgboost_lag,1.588122193600232,1.5347786
15.65,78.4,2019,1,early,xgboost_lag,-0.7521897332983644,-0.92260313
15.65,78.4,2019,2,early,xgboost_lag,-1.160743831483694,-0.9567363
15.65,78.4,2019,3,early,xgboost_lag,-1.065658180138254,-0.84767693
15.65,78.4,2019,5,early,xgboost_lag,-0.6061005014080263,-0.66203964
15.65,78.4,2019,6,early,xgboost_lag,-0.1125574165651228,-0.05170582
15.65,78.4,2019,7,early,xgboost_lag,-0.8152202721386853,0.058897477
15.65,78.4,2019,8,early,xgboost_lag,0.122402648643933,0.3610997
15.65,78.4,2019,9,early,xgboost_lag,0.4318454974368632,0.4387088
15.65,78.4,2019,10,early,xgboost_lag,0.5515291982908693,0.3210923
15.65,78.4,2019,11,early,xgboost_lag,0.6015409404733894,0.2632015
15.65,78.4,2019,12,early,xgboost_lag,0.5554144241994706,0.4052054
15.65,78.4,2020,1,early,xgboost_lag,0.9837148055887094,0.24791752
15.65,78.4,2020,2,early,xgboost_lag,0.6197552831263828,0.6455685
15.65,78.4,2020,3,early,xgboost_lag,0.2871823471382357,0.42611143
15.65,78.4,2020,4,early,xgboost_lag,-0.5253153911806699,-0.4887089
15.65,78.4,2020,6,early,xgboost_lag,0.1872615406011925,0.16543514
15.65,78.4,2020,7,early,xgboost_lag,0.8675484151823718,0.9275263
15.65,78.4,2020,9,early,xgboost_lag,1.5905269234022914,1.2639903
15.65,78.4,2020,10,early,xgboost_lag,1.5519979268176485,1.1247915
15.65,78.4,2020,11,early,xgboost_lag,1.7630783965183172,1.233724
15.65,78.4,2020,12,early,xgboost_lag,1.5754399861056092,1.4508795
15.65,78.65,2019,1,early,xgboost_lag,-0.8430389318492245,-1.0044032
15.65,78.65,2019,2,early,xgboost_lag,-1.3008918020368636,-0.98185074
15.65,78.65,2019,3,early,xgboost_lag,-1.3798848847254288,-1.1007024
15.65,78.65,2019,5,early,xgboost_lag,-0.7221929891732827,-0.81764686
15.65,78.65,2019,6,early,xgboost_lag,-0.4202844923595569,-0.19326982
15.65,78.65,2019,7,early,xgboost_lag,-0.7544082454092409,-0.21184306
15.65,78.65,2019,8,early,xgboost_lag,0.1293644518711654,0.14768635
15.65,78.65,2019,9,early,xgboost_lag,0.7509132365086465,0.75044286
15.65,78.65,2019,10,early,xgboost_lag,0.9385186195767564,0.92518973
15.65,78.65,2019,11,early,xgboost_lag,0.9399870784822778,0.5925747
15.65,78.65,2019,12,early,xgboost_lag,0.9541186316192996,0.6251663
15.65,78.65,2020,1,early,xgboost_lag,1.288154200938351,0.6275702
15.65,78.65,2020,2,early,xgboost_lag,1.0230370742993575,1.2068456
15.65,78.65,2020,3,early,xgboost_lag,0.564586417445341,0.80897063
15.65,78.65,2020,4,early,xgboost_lag,-0.3189850844028149,0.12182254
15.65,78.65,2020,6,early,xgboost_lag,0.3688833690319198,0.16912791
15.65,78.65,2020,7,early,xgboost_lag,0.8788135100496108,0.9022966
15.65,78.65,2020,9,early,xgboost_lag,1.789506042150277,1.2301131
15.65,78.65,2020,10,early,xgboost_lag,1.690392992840651,1.2808516
15.65,78.65,2020,11,early,xgboost_lag,1.933654687670236,1.3141267
15.65,78.65,2020,12,early,xgboost_lag,1.6832485014617893,1.455662
15.65,78.9,2019,1,early,xgboost_lag,-0.97125203520645,-1.1310116
15.65,78.9,2019,2,early,xgboost_lag,-1.407522496254598,-1.0127419
15.65,78.9,2019,3,early,xgboost_lag,-1.576122199761226,-0.9764861
15.65,78.9,2019,5,early,xgboost_lag,-0.5007346961906527,-0.89636767
15.65,78.9,2019,6,early,xgboost_lag,-0.4052644533225843,-0.33578867
15.65,78.9,2019,7,early,xgboost_lag,-0.5788741714021582,-0.24246667
15.65,78.9,2019,8,early,xgboost_lag,0.0565079933983148,0.07986118
15.65,78.9,2019,9,early,xgboost_lag,0.9536560982007386,0.6760909
15.65,78.9,2019,10,early,xgboost_lag,1.1174478480284278,1.1025282
15.65,78.9,2019,11,early,xgboost_lag,1.014324218060514,0.74465483
15.65,78.9,2019,12,early,xgboost_lag,1.121325815789823,0.59298056
15.65,78.9,2020,1,early,xgboost_lag,1.4250997754324592,0.7813159
15.65,78.9,2020,2,early,xgboost_lag,1.2656113459620095,1.2067719
15.65,78.9,2020,3,early,xgboost_lag,0.634710117449487,1.2285565
15.65,78.9,2020,4,early,xgboost_lag,-0.296629262161955,0.28632292
15.65,78.9,2020,6,early,xgboost_lag,0.3673735034448243,0.45153934
15.65,78.9,2020,7,early,xgboost_lag,0.7124495512849145,0.8190877
15.65,78.9,2020,9,early,xgboost_lag,1.9064081888885227,1.1055967
15.65,78.9,2020,10,early,xgboost_lag,1.7601537867994992,1.3774902
15.65,78.9,2020,11,early,xgboost_lag,2.0129955347334576,1.3296757
15.65,78.9,2020,12,early,xgboost_lag,1.8287939771650288,1.4624408
15.65,79.15,2019,1,early,xgboost_lag,-0.886086915997287,-1.064504
15.65,79.15,2019,2,early,xgboost_lag,-1.4178624532911963,-1.0507393
15.65,79.15,2019,3,early,xgboost_lag,-1.4964934516131931,-0.89272594
15.65,79.15,2019,5,early,xgboost_lag,-0.3424543400485153,-0.8441933
15.65,79.15,2019,6,early,xgboost_lag,-0.3992571579426706,-0.41418692
15.65,79.15,2019,7,early,xgboost_lag,-0.5373080350500146,-0.14176725
15.65,79.15,2019,8,early,xgboost_lag,0.0884199206583297,-0.1514315
15.65,79.15,2019,9,early,xgboost_lag,0.8684879636659015,0.61774564
15.65,79.15,2019,10,early,xgboost_lag,1.14114218614229,0.9610104
15.65,79.15,2019,11,early,xgboost_lag,1.0019519424020693,0.8033818
15.65,79.15,2019,12,early,xgboost_lag,1.2020358834082214,0.6461573
15.65,79.15,2020,1,early,xgboost_lag,1.573093860933338,0.8482106
15.65,79.15,2020,2,early,xgboost_lag,1.4152102502360222,1.0641062
15.65,79.15,2020,3,early,xgboost_lag,0.8755223311439007,1.0477731
15.65,79.15,2020,4,early,xgboost_lag,-0.1024847044635132,0.08002747
15.65,79.15,2020,6,early,xgboost_lag,0.4061307241113491,0.10494711
15.65,79.15,2020,7,early,xgboost_lag,0.5791191659672608,0.68603057
15.65,79.15,2020,9,early,xgboost_lag,1.898834234690161,1.284993
15.65,79.15,2020,10,early,xgboost_lag,1.7576941026320585,1.3632532
15.65,79.15,2020,11,early,xgboost_lag,1.9728918870101249,1.3612416
15.65,79.15,2020,12,early,xgboost_lag,1.894093354951637,1.4809399
15.65,79.4,2019,1,early,xgboost_lag,-0.7633814372879806,-0.9092809
15.65,79.4,2019,2,early,xgboost_lag,-1.3936760612171089,-1.0087309
15.65,79.4,2019,3,early,xgboost_lag,-1.279411832304837,-0.9445775
15.65,79.4,2019,5,early,xgboost_lag,0.0280652927072512,-0.936653
15.65,79.4,2019,6,early,xgboost_lag,-0.3301733032011306,0.02354395
15.65,79.4,2019,7,early,xgboost_lag,-0.6868486148511296,-0.30375323
15.65,79.4,2019,8,early,xgboost_lag,-0.0346659713953059,-0.16569982
15.65,79.4,2019,9,early,xgboost_lag,0.6666311490750212,0.5378379
15.65,79.4,2019,10,early,xgboost_lag,1.070557087565824,1.0267019
15.65,79.4,2019,11,early,xgboost_lag,0.9407549374467966,0.7728845
15.65,79.4,2019,12,early,xgboost_lag,1.1805381535489978,0.6859093
15.65,79.4,2020,1,early,xgboost_lag,1.6563009007962592,0.8081994
15.65,79.4,2020,2,early,xgboost_lag,1.5019608844878465,0.98920923
15.65,79.4,2020,3,early,xgboost_lag,1.089709845441945,1.0429265
15.65,79.4,2020,4,early,xgboost_lag,0.1205653754651585,0.3016342
15.65,79.4,2020,6,early,xgboost_lag,0.4443760619528958,0.21436347
15.65,79.4,2020,7,early,xgboost_lag,0.6044235556955158,0.70100313
15.65,79.4,2020,9,early,xgboost_lag,1.8565944946969288,1.2817161
15.65,79.4,2020,10,early,xgboost_lag,1.7303582801456583,1.4185556
15.65,79.4,2020,11,early,xgboost_lag,1.9454286653925712,1.4717191
15.65,79.4,2020,12,early,xgboost_lag,1.912810431349871,1.4936961
15.9,76.9,2019,1,early,xgboost_lag,-1.1736359895156174,-0.8966635
15.9,76.9,2019,2,early,xgboost_lag,-1.5816256272021951,-1.2991592
15.9,76.9,2019,3,early,xgboost_lag,-1.44993674007821,-0.8694051
15.9,76.9,2019,5,early,xgboost_lag,-1.417366347393669,-0.7104476
15.9,76.9,2019,6,early,xgboost_lag,-0.0033552766272162,0.19021149
15.9,76.9,2019,7,early,xgboost_lag,-0.289055617923665,0.07144539
15.9,76.9,2019,8,early,xgboost_lag,-0.0239776658079188,0.099266045
15.9,76.9,2019,9,early,xgboost_lag,0.1208921460974034,0.17132653
15.9,76.9,2019,10,early,xgboost_lag,0.7332161439237804,0.5458165
15.9,76.9,2019,11,early,xgboost_lag,0.7963878874654597,0.38728353
15.9,76.9,2019,12,early,xgboost_lag,0.760890925991386,0.65950406
15.9,76.9,2020,1,early,xgboost_lag,1.2077173934889829,0.6061961
15.9,76.9,2020,2,early,xgboost_lag,1.073968577896655,1.1107607
15.9,76.9,2020,3,early,xgboost_lag,1.1949344825946246,0.72127575
15.9,76.9,2020,4,early,xgboost_lag,0.1953788049549598,0.3999218
15.9,76.9,2020,6,early,xgboost_lag,-0.0521871000773325,0.41134706
15.9,76.9,2020,9,early,xgboost_lag,1.510098444930207,0.81709343
15.9,76.9,2020,10,early,xgboost_lag,1.542669514345168,1.0107689
15.9,76.9,2020,11,early,xgboost_lag,1.556256149220724,1.2000335
15.9,76.9,2020,12,early,xgboost_lag,1.6235893241078492,1.4369091
15.9,77.15,2019,1,early,xgboost_lag,-1.0176518765103313,-0.77981865
15.9,77.15,2019,2,early,xgboost_lag,-1.5859795686198637,-1.1757051
15.9,77.15,2019,3,early,xgboost_lag,-1.3916179460717597,-0.87179327
15.9,77.15,2019,5,early,xgboost_lag,-1.4955765890522852,-0.7550828
15.9,77.15,2019,6,early,xgboost_lag,-0.5930429800440655,0.24737939
15.9,77.15,2019,7,early,xgboost_lag,-0.8432931479111715,-0.645703
15.9,77.15,2019,8,early,xgboost_lag,-0.391463084104749,-0.4080063
15.9,77.15,2019,9,early,xgboost_lag,-0.0653078720469003,-0.01528529
15.9,77.15,2019,10,early,xgboost_lag,0.513185447771235,0.26544508
15.9,77.15,2019,11,early,xgboost_lag,0.6240349282072374,0.3343607
15.9,77.15,2019,12,early,xgboost_lag,0.7387723933978917,0.52847564
15.9,77.15,2020,1,early,xgboost_lag,1.2318876638247471,0.53721315
15.9,77.15,2020,2,early,xgboost_lag,1.0249029308259032,1.0642986
15.9,77.15,2020,3,early,xgboost_lag,1.1305659612363417,0.69171643
15.9,77.15,2020,4,early,xgboost_lag,0.2353166845392519,0.35400426
15.9,77.15,2020,6,early,xgboost_lag,0.1408252578729956,0.21460307
15.9,77.15,2020,7,early,xgboost_lag,1.2448589113839357,1.03254
15.9,77.15,2020,9,early,xgboost_lag,1.59000042199526,1.1604229
15.9,77.15,2020,10,early,xgboost_lag,1.622488375459958,1.1488833
15.9,77.15,2020,11,early,xgboost_lag,1.6676922728579626,1.3054097
15.9,77.15,2020,12,early,xgboost_lag,1.7096105680714109,1.4818296
15.9,77.4,2019,1,early,xgboost_lag,-1.0190384776174009,-0.7985423
15.9,77.4,2019,2,early,xgboost_lag,-1.6670078056039548,-1.1576811
15.9,77.4,2019,3,early,xgboost_lag,-1.4602332727775218,-0.92428917
15.9,77.4,2019,5,early,xgboost_lag,-1.5934816786568635,-0.7714486
15.9,77.4,2019,6,early,xgboost_lag,-0.7240377261935608,0.07808422
15.9,77.4,2019,7,early,xgboost_lag,-1.0752526585584905,-0.66247946
15.9,77.4,2019,8,early,xgboost_lag,-0.6299695262431421,-0.4266069
15.9,77.4,2019,9,early,xgboost_lag,-0.098344057657329,-0.14614029
15.9,77.4,2019,10,early,xgboost_lag,0.4628437730067066,0.16220053
15.9,77.4,2019,11,early,xgboost_lag,0.5770441181200828,0.23383051
15.9,77.4,2019,12,early,xgboost_lag,0.7176651836983821,0.4890108
15.9,77.4,2020,1,early,xgboost_lag,1.2470734270173662,0.4975109
15.9,77.4,2020,2,early,xgboost_lag,1.019258931249042,1.1341922
15.9,77.4,2020,3,early,xgboost_lag,1.0362606314697091,0.7077188
15.9,77.4,2020,4,early,xgboost_lag,0.1840340040796563,0.33271638
15.9,77.4,2020,6,early,xgboost_lag,0.2295652987768049,0.31815675
15.9,77.4,2020,7,early,xgboost_lag,1.2766650685157208,1.2082956
15.9,77.4,2020,9,early,xgboost_lag,1.7858325888825368,1.1634393
15.9,77.4,2020,10,early,xgboost_lag,1.7102606152143056,1.1793168
15.9,77.4,2020,11,early,xgboost_lag,1.7838858478821138,1.2835579
15.9,77.4,2020,12,early,xgboost_lag,1.7820309497861095,1.5712193
15.9,77.65,2019,1,early,xgboost_lag,-1.0156894018236489,-0.8530095
15.9,77.65,2019,2,early,xgboost_lag,-1.7185768420434706,-1.156566
15.9,77.65,2019,3,early,xgboost_lag,-1.6131127475845544,-0.9531757
15.9,77.65,2019,5,early,xgboost_lag,-1.6057414021592131,-0.7300818
15.9,77.65,2019,6,early,xgboost_lag,-0.6409255398411237,0.14176925
15.9,77.65,2019,7,early,xgboost_lag,-1.0703238436112543,-0.61311716
15.9,77.65,2019,8,early,xgboost_lag,-0.6256356678401992,-0.3938299
15.9,77.65,2019,9,early,xgboost_lag,0.0134162991369028,0.04289887
15.9,77.65,2019,10,early,xgboost_lag,0.4041150925781413,0.19636005
15.9,77.65,2019,11,early,xgboost_lag,0.5092009085678301,0.23872094
15.9,77.65,2019,12,early,xgboost_lag,0.6219400403237303,0.22734405
15.9,77.65,2020,1,early,xgboost_lag,1.1562181313560398,0.45697594
15.9,77.65,2020,2,early,xgboost_lag,0.9196664662251196,0.94208705
15.9,77.65,2020,3,early,xgboost_lag,0.7836781868261528,0.66446555
15.9,77.65,2020,4,early,xgboost_lag,0.1816479613435317,0.092625275
15.9,77.65,2020,6,early,xgboost_lag,0.3051963365695984,0.24170034
15.9,77.65,2020,7,early,xgboost_lag,1.249415096814608,1.0992036
15.9,77.65,2020,9,early,xgboost_lag,1.9139076099554544,1.3055801
15.9,77.65,2020,10,early,xgboost_lag,1.7305703339049805,1.102987
15.9,77.65,2020,11,early,xgboost_lag,1.8178000619788484,1.3831624
15.9,77.65,2020,12,early,xgboost_lag,1.7970215804816558,1.5565429
15.9,77.9,2019,1,early,xgboost_lag,-0.9511540562722892,-0.8489603
15.9,77.9,2019,2,early,xgboost_lag,-1.6054417957674476,-1.0897574
15.9,77.9,2019,3,early,xgboost_lag,-1.5741732258014565,-0.8082341
15.9,77.9,2019,5,early,xgboost_lag,-1.1915738359703498,-0.71106535
15.9,77.9,2019,6,early,xgboost_lag,-0.3759894383316848,0.26200628
15.9,77.9,2019,7,early,xgboost_lag,-0.9963240697127304,-0.3537615
15.9,77.9,2019,8,early,xgboost_lag,-0.5399913911763676,-0.2830495
15.9,77.9,2019,9,early,xgboost_lag,0.0900735003962429,0.11841202
15.9,77.9,2019,10,early,xgboost_lag,0.3827845024045798,0.12695172
15.9,77.9,2019,11,early,xgboost_lag,0.4612642388051344,0.19390906
15.9,77.9,2019,12,early,xgboost_lag,0.512883157287516,0.16524366
15.9,77.9,2020,1,early,xgboost_lag,1.0396710662701278,0.31940472
15.9,77.9,2020,2,early,xgboost_lag,0.8217711439478064,0.80760825
15.9,77.9,2020,3,early,xgboost_lag,0.5899677235862827,0.5237526
15.9,77.9,2020,4,early,xgboost_lag,-0.0598805251782351,-0.29476798
15.9,77.9,2020,6,early,xgboost_lag,0.3195767742115964,0.21375956
15.9,77.9,2020,7,early,xgboost_lag,1.3049008552041983,1.2088623
15.9,77.9,2020,9,early,xgboost_lag,1.9290030406664755,1.3055464
15.9,77.9,2020,10,early,xgboost_lag,1.7673228495985025,1.1701505
15.9,77.9,2020,11,early,xgboost_lag,1.862295412175136,1.4442441
15.9,77.9,2020,12,early,xgboost_lag,1.8216392434560105,1.578814
15.9,78.15,2019,1,early,xgboost_lag,-0.8056501056334419,-0.83993286
15.9,78.15,2019,2,early,xgboost_lag,-1.4179913971673326,-1.0628865
15.9,78.15,2019,3,early,xgboost_lag,-1.3741434104994847,-0.754034
15.9,78.15,2019,5,early,xgboost_lag,-0.8927693439003375,-0.7055299
15.9,78.15,2019,6,early,xgboost_lag,-0.2855892055329833,0.27534172
15.9,78.15,2019,7,early,xgboost_lag,-0.9043736528242714,-0.107617944
15.9,78.15,2019,8,early,xgboost_lag,-0.2577107098656099,-0.055547286
15.9,78.15,2019,9,early,xgboost_lag,0.227996604492652,0.25591263
15.9,78.15,2019,10,early,xgboost_lag,0.4248573307009722,0.094883114
15.9,78.15,2019,11,early,xgboost_lag,0.4989050513105697,0.18772958
15.9,78.15,2019,12,early,xgboost_lag,0.5247660820317335,0.29513407
15.9,78.15,2020,1,early,xgboost_lag,0.9749547503673,0.31315
15.9,78.15,2020,2,early,xgboost_lag,0.6957234828939606,0.79977435
15.9,78.15,2020,3,early,xgboost_lag,0.4445419529011107,0.47789264
15.9,78.15,2020,4,early,xgboost_lag,-0.2697998948775666,-0.5496769
15.9,78.15,2020,6,early,xgboost_lag,0.3312147410945693,0.22093453
15.9,78.15,2020,7,early,xgboost_lag,1.3356086110505638,1.2635994
15.9,78.15,2020,9,early,xgboost_lag,1.986000902460624,1.3465801
15.9,78.15,2020,10,early,xgboost_lag,1.8438099118851807,1.2630416
15.9,78.15,2020,11,early,xgboost_lag,1.9606559133516048,1.4605465
15.9,78.15,2020,12,early,xgboost_lag,1.8841609912905903,1.6201855
15.9,78.4,2019,1,early,xgboost_lag,-0.6752112431443043,-0.85344964
15.9,78.4,2019,2,early,xgboost_lag,-1.3768932172061463,-1.0151136
15.9,78.4,2019,3,early,xgboost_lag,-1.2920189623114733,-0.8546513
15.9,78.4,2019,5,early,xgboost_lag,-0.8293442970450318,-0.68059915
15.9,78.4,2019,6,early,xgboost_lag,-0.3569577137265988,0.14078261
15.9,78.4,2019,7,early,xgboost_lag,-0.7282605679510132,-0.010202154
15.9,78.4,2019,8,early,xgboost_lag,0.2072823187721076,0.34247452
15.9,78.4,2019,9,early,xgboost_lag,0.5147096410197418,0.45418668
15.9,78.4,2019,10,early,xgboost_lag,0.584465568273906,0.38421834
15.9,78.4,2019,11,early,xgboost_lag,0.6726043735620219,0.37851664
15.9,78.4,2019,12,early,xgboost_lag,0.6944141049668948,0.51319546
15.9,78.4,2020,1,early,xgboost_lag,1.0822343801133705,0.4056081
15.9,78.4,2020,2,early,xgboost_lag,0.6421469425716789,0.9746531
15.9,78.4,2020,3,early,xgboost_lag,0.3034681008669093,0.39912242
15.9,78.4,2020,4,early,xgboost_lag,-0.4233735710485291,-0.3045416
15.9,78.4,2020,6,early,xgboost_lag,0.4109823918909404,0.083594695
15.9,78.4,2020,7,early,xgboost_lag,1.1190031797393485,1.0512499
15.9,78.4,2020,9,early,xgboost_lag,1.9562638942418564,1.3156897
15.9,78.4,2020,10,early,xgboost_lag,1.8724683900555648,1.262309
15.9,78.4,2020,11,early,xgboost_lag,2.0222849984030984,1.4383876
15.9,78.4,2020,12,early,xgboost_lag,1.879880344476472,1.5836537
15.9,78.65,2019,1,early,xgboost_lag,-0.8008473681398528,-1.0327362
15.9,78.65,2019,2,early,xgboost_lag,-1.4267874453552964,-1.0296453
15.9,78.65,2019,3,early,xgboost_lag,-1.4661210133219618,-1.0372609
15.9,78.65,2019,5,early,xgboost_lag,-0.7522002415770115,-0.6605463
15.9,78.65,2019,6,early,xgboost_lag,-0.4480412121346132,0.18864724
15.9,78.65,2019,7,early,xgboost_lag,-0.6284259512856841,0.11685236
15.9,78.65,2019,8,early,xgboost_lag,0.3951548787259816,0.32622245
15.9,78.65,2019,9,early,xgboost_lag,0.7633998649417012,0.7505419
15.9,78.65,2019,10,early,xgboost_lag,0.9114521044375664,0.9255412
15.9,78.65,2019,11,early,xgboost_lag,0.9680685575252572,0.6622056
15.9,78.65,2019,12,early,xgboost_lag,1.0072398329455796,0.71851736
15.9,78.65,2020,1,early,xgboost_lag,1.3798195537978484,0.6656114
15.9,78.65,2020,2,early,xgboost_lag,0.9827095685254608,1.2607908
15.9,78.65,2020,3,early,xgboost_lag,0.6679838531727155,0.84927666
15.9,78.65,2020,4,early,xgboost_lag,-0.3353731839016174,0.12787025
15.9,78.65,2020,6,early,xgboost_lag,0.481653672959591,0.33761996
15.9,78.65,2020,7,early,xgboost_lag,0.9238216066491732,1.0209394
15.9,78.65,2020,9,early,xgboost_lag,1.99945865240612,1.1049562
15.9,78.65,2020,10,early,xgboost_lag,1.8740436029518548,1.3206754
15.9,78.65,2020,11,early,xgboost_lag,2.023055092820844,1.4413804
15.9,78.65,2020,12,early,xgboost_lag,1.8660351547699807,1.4849391
15.9,78.9,2019,1,early,xgboost_lag,-0.9410591308295536,-1.129611
15.9,78.9,2019,2,early,xgboost_lag,-1.542663800295362,-1.0376122
15.9,78.9,2019,3,early,xgboost_lag,-1.634824416684613,-0.9450446
15.9,78.9,2019,5,early,xgboost_lag,-0.4420226389770064,-0.85768676
15.9,78.9,2019,6,early,xgboost_lag,-0.4002457897959303,-0.23248342
15.9,78.9,2019,7,early,xgboost_lag,-0.4975322144069987,0.0042320867
15.9,78.9,2019,8,early,xgboost_lag,0.3157337596500739,0.18338619
15.9,78.9,2019,9,early,xgboost_lag,0.9205530387276868,0.9223935
15.9,78.9,2019,10,early,xgboost_lag,1.060380258023453,0.9533291
15.9,78.9,2019,11,early,xgboost_lag,1.041932150075065,0.77668434
15.9,78.9,2019,12,early,xgboost_lag,1.149989721220559,0.72332805
15.9,78.9,2020,1,early,xgboost_lag,1.5175274548179332,0.7059836
15.9,78.9,2020,2,early,xgboost_lag,1.2424588489157964,1.073327
15.9,78.9,2020,3,early,xgboost_lag,0.741858811733768,1.1999671
15.9,78.9,2020,4,early,xgboost_lag,-0.2793107464910231,0.24424997
15.9,78.9,2020,6,early,xgboost_lag,0.4506879020811905,0.3537156
15.9,78.9,2020,7,early,xgboost_lag,0.7662240533924208,0.7632726
15.9,78.9,2020,9,early,xgboost_lag,2.098878247911591,1.0853498
15.9,78.9,2020,10,early,xgboost_lag,1.9126133493857664,1.362275
15.9,78.9,2020,11,early,xgboost_lag,2.103106469294903,1.3944669
15.9,78.9,2020,12,early,xgboost_lag,1.991523379853111,1.4833663
15.9,79.15,2019,1,early,xgboost_lag,-0.8532588205741344,-1.1127237
15.9,79.15,2019,2,early,xgboost_lag,-1.4375828135063342,-1.0404769
15.9,79.15,2019,3,early,xgboost_lag,-1.3156171562782737,-0.9031858
15.9,79.15,2019,5,early,xgboost_lag,0.1258313397331232,-0.8337622
15.9,79.15,2019,6,early,xgboost_lag,-0.145171908185084,0.24823141
15.9,79.15,2019,7,early,xgboost_lag,-0.5465705191127959,0.0044525703
15.9,79.15,2019,8,early,xgboost_lag,0.0311324657834767,0.027397942
15.9,79.15,2019,9,early,xgboost_lag,0.7158132574545771,0.6113505
15.9,79.15,2019,10,early,xgboost_lag,0.9769783671524704,0.92851907
15.9,79.15,2019,11,early,xgboost_lag,0.8666057358700907,0.69306135
15.9,79.15,2019,12,early,xgboost_lag,1.0464361738162014,0.46100333
15.9,79.15,2020,1,early,xgboost_lag,1.5061155462442792,0.61375195
15.9,79.15,2020,2,early,xgboost_lag,1.320970970985209,1.036712
15.9,79.15,2020,3,early,xgboost_lag,0.859807588731869,1.1899631
15.9,79.15,2020,4,early,xgboost_lag,-0.0752596616736788,0.044689566
15.9,79.15,2020,6,early,xgboost_lag,0.299022301247153,0.011015445
15.9,79.15,2020,7,early,xgboost_lag,0.5747401422594703,0.9439653
15.9,79.15,2020,9,early,xgboost_lag,2.0336088644636163,1.2589871
15.9,79.15,2020,10,early,xgboost_lag,1.8441231686792765,1.3393283
15.9,79.15,2020,11,early,xgboost_lag,2.0614413235276507,1.3647294
15.9,79.15,2020,12,early,xgboost_lag,2.059327841809398,1.5193431
15.9,79.4,2019,1,early,xgboost_lag,-0.7270470156350781,-0.98405653
15.9,79.4,2019,2,early,xgboost_lag,-1.3885565172118028,-0.9890958
15.9,79.4,2019,3,early,xgboost_lag,-1.0835625173468768,-0.8877251
15.9,79.4,2019,5,early,xgboost_lag,0.3674217300407528,-0.88203746
15.9,79.4,2019,6,early,xgboost_lag,-0.0996598502856554,0.39054662
15.9,79.4,2019,7,early,xgboost_lag,-0.7008020285372285,0.008642626
15.9,79.4,2019,8,early,xgboost_lag,-0.0932163456833553,-0.118720114
15.9,79.4,2019,9,early,xgboost_lag,0.5222968858866825,0.38568828
15.9,79.4,2019,10,early,xgboost_lag,0.931206880386224,0.9153494
15.9,79.4,2019,11,early,xgboost_lag,0.83048830632542,0.7040578
15.9,79.4,2019,12,early,xgboost_lag,1.0412275102592694,0.48494083
15.9,79.4,2020,1,early,xgboost_lag,1.5874120027848178,0.6632665
15.9,79.4,2020,2,early,xgboost_lag,1.4111773568186805,1.0462152
15.9,79.4,2020,3,early,xgboost_lag,1.079906540966482,1.0835348
15.9,79.4,2020,4,early,xgboost_lag,0.1087113762430208,0.37745887
15.9,79.4,2020,6,early,xgboost_lag,0.3244556281201772,0.14916793
15.9,79.4,2020,7,early,xgboost_lag,0.5799037009428905,0.79571766
15.9,79.4,2020,9,early,xgboost_lag,1.967370534104072,1.2191397
15.9,79.4,2020,10,early,xgboost_lag,1.8020706953031949,1.3691654
15.9,79.4,2020,11,early,xgboost_lag,2.0344787816318304,1.4555846
15.9,79.4,2020,12,early,xgboost_lag,2.056672112793969,1.5044191
16.15,76.9,2019,1,early,xgboost_lag,-1.2628530784541867,-0.88296217
16.15,76.9,2019,2,early,xgboost_lag,-1.7776774930807802,-1.4197298
16.15,76.9,2019,3,early,xgboost_lag,-1.5165334871176732,-0.9102615
16.15,76.9,2019,5,early,xgboost_lag,-1.392817268434779,-0.72365236
16.15,76.9,2019,6,early,xgboost_lag,-0.096612831917371,0.35256866
16.15,76.9,2019,7,early,xgboost_lag,-0.2521206361155009,-0.09982595
16.15,76.9,2019,8,early,xgboost_lag,-0.0751384072831196,0.0341902
16.15,76.9,2019,9,early,xgboost_lag,0.1768776740675036,0.3132422
16.15,76.9,2019,10,early,xgboost_lag,0.8021122521205173,0.48997384
16.15,76.9,2019,11,early,xgboost_lag,0.8791175600267467,0.5428975
16.15,76.9,2019,12,early,xgboost_lag,0.9132454953162092,0.76292366
16.15,76.9,2020,1,early,xgboost_lag,1.3659982507994544,0.7080723
16.15,76.9,2020,2,early,xgboost_lag,1.227779518490308,1.2240529
16.15,76.9,2020,3,early,xgboost_lag,1.2522157483490624,0.9794586
16.15,76.9,2020,4,early,xgboost_lag,0.1596050679598941,0.6097145
16.15,76.9,2020,6,early,xgboost_lag,0.0144523572886507,0.6929945
16.15,76.9,2020,7,early,xgboost_lag,1.4774851714431998,0.9893314
16.15,76.9,2020,9,early,xgboost_lag,1.6040137473913352,1.2097272
16.15,76.9,2020,10,early,xgboost_lag,1.6494323635973218,1.2282022
16.15,76.9,2020,11,early,xgboost_lag,1.649434388853131,1.3060511
16.15,76.9,2020,12,early,xgboost_lag,1.7430951119685911,1.4421434
16.15,77.15,2019,1,early,xgboost_lag,-1.113813776826272,-0.8890325
16.15,77.15,2019,2,early,xgboost_lag,-1.7898882394294795,-1.5506759
16.15,77.15,2019,3,early,xgboost_lag,-1.4528453800116718,-0.8932045
16.15,77.15,2019,5,early,xgboost_lag,-1.4836086905996524,-0.8099996
16.15,77.15,2019,6,early,xgboost_lag,-0.6800417580816891,0.2502158
16.15,77.15,2019,8,early,xgboost_lag,-0.4051623228792306,-0.21398655
16.15,77.15,2019,10,early,xgboost_lag,0.6104295661876858,0.1026602
16.15,77.15,2019,11,early,xgboost_lag,0.7306894188324409,0.3836374
16.15,77.15,2019,12,early,xgboost_lag,0.8941546500703536,0.5016189
16.15,77.15,2020,1,early,xgboost_lag,1.3968951140556642,0.60094726
16.15,77.15,2020,2,early,xgboost_lag,1.180785263415823,1.1602564
16.15,77.15,2020,3,early,xgboost_lag,1.1881026603603029,0.87635106
16.15,77.15,2020,4,early,xgboost_lag,0.1748108680742051,0.39408952
16.15,77.15,2020,6,early,xgboost_lag,0.2052024140853564,0.6188392
16.15,77.15,2020,7,early,xgboost_lag,1.4315918251698676,1.1668421
16.15,77.15,2020,9,early,xgboost_lag,1.690832939823537,1.1832048
16.15,77.15,2020,10,early,xgboost_lag,1.737812276815215,1.2431706
16.15,77.15,2020,11,early,xgboost_lag,1.7633366678428053,1.3656347
16.15,77.15,2020,12,early,xgboost_lag,1.8255560377226527,1.4840177
16.15,77.4,2019,1,early,xgboost_lag,-1.1380151986477047,-0.85991335
16.15,77.4,2019,2,early,xgboost_lag,-1.8982198573996525,-1.5217831
16.15,77.4,2019,3,early,xgboost_lag,-1.5189071617460017,-0.7885443
16.15,77.4,2019,5,early,xgboost_lag,-1.212326798470573,-0.70573676
16.15,77.4,2019,6,early,xgboost_lag,-0.5533108345809974,0.4530621
16.15,77.4,2019,8,early,xgboost_lag,-0.4130381732545697,0.20456746
16.15,77.4,2019,9,early,xgboost_lag,0.0715110996337183,0.13736261
16.15,77.4,2019,10,early,xgboost_lag,0.5236058393013032,0.19856335
16.15,77.4,2019,11,early,xgboost_lag,0.6302564252712697,0.43920895
16.15,77.4,2019,12,early,xgboost_lag,0.7720068314106362,0.53974074
16.15,77.4,2020,1,early,xgboost_lag,1.3604104354077315,0.4334032
16.15,77.4,2020,2,early,xgboost_lag,1.0716768974046895,0.98517656
16.15,77.4,2020,3,early,xgboost_lag,0.9605325439843384,0.76259834
16.15,77.4,2020,4,early,xgboost_lag,-0.0043063911967068,0.4139611
16.15,77.4,2020,6,early,xgboost_lag,0.3118932943929053,0.5927599
16.15,77.4,2020,7,early,xgboost_lag,1.357245328682902,1.2063051
16.15,77.4,2020,9,early,xgboost_lag,1.941628958042888,1.2270173
16.15,77.4,2020,10,early,xgboost_lag,1.9202130013953616,1.2579266
16.15,77.4,2020,11,early,xgboost_lag,1.985864725865923,1.464751
16.15,77.4,2020,12,early,xgboost_lag,2.0169949932168136,1.6314039
16.15,77.65,2019,1,early,xgboost_lag,-1.1367201623997032,-0.91151935
16.15,77.65,2019,2,early,xgboost_lag,-1.9447071321220728,-1.2587851
16.15,77.65,2019,3,early,xgboost_lag,-1.6580920576812117,-0.8795996
16.15,77.65,2019,5,early,xgboost_lag,-1.2248904748936909,-0.68065065
16.15,77.65,2019,6,early,xgboost_lag,-0.4660885158194536,0.2915627
16.15,77.65,2019,8,early,xgboost_lag,-0.4012606922161892,0.20860879
16.15,77.65,2019,10,early,xgboost_lag,0.4602845245203765,0.056700524
16.15,77.65,2019,11,early,xgboost_lag,0.5581024559357697,0.12625733
16.15,77.65,2019,12,early,xgboost_lag,0.6756540396001072,0.40659887
16.15,77.65,2020,1,early,xgboost_lag,1.2518659124333773,0.45585644
16.15,77.65,2020,2,early,xgboost_lag,0.9497013286947736,1.2423757
16.15,77.65,2020,3,early,xgboost_lag,0.6857614727088511,0.8322061
16.15,77.65,2020,4,early,xgboost_lag,-0.0167048373988772,0.073637776
16.15,77.65,2020,6,early,xgboost_lag,0.3711193225427024,0.24946661
16.15,77.65,2020,7,early,xgboost_lag,1.3409303501552992,1.2213289
16.15,77.65,2020,9,early,xgboost_lag,2.0612741572172024,1.2574465
16.15,77.65,2020,10,early,xgboost_lag,1.930856895515888,1.2662022
16.15,77.65,2020,11,early,xgboost_lag,2.0103279572792867,1.4760689
16.15,77.65,2020,12,early,xgboost_lag,2.028516150013391,1.6351942
16.15,77.9,2019,1,early,xgboost_lag,-1.1069164231714028,-0.909529
16.15,77.9,2019,2,early,xgboost_lag,-1.8247355892022727,-1.3113817
16.15,77.9,2019,3,early,xgboost_lag,-1.6923119566022466,-0.889674
16.15,77.9,2019,5,early,xgboost_lag,-1.3926572081154012,-0.86778784
16.15,77.9,2019,6,early,xgboost_lag,-0.5175889477331157,0.083318956
16.15,77.9,2019,8,early,xgboost_lag,-0.3376809860605939,0.20235461
16.15,77.9,2019,9,early,xgboost_lag,0.3088089355795799,0.27260754
16.15,77.9,2019,10,early,xgboost_lag,0.4636756916120305,0.15410401
16.15,77.9,2019,11,early,xgboost_lag,0.5697984330755564,0.22733098
16.15,77.9,2019,12,early,xgboost_lag,0.6506963992389979,0.39774942
16.15,77.9,2020,1,early,xgboost_lag,1.1862058262006347,0.36750406
16.15,77.9,2020,2,early,xgboost_lag,0.895753719373769,1.064937
16.15,77.9,2020,3,early,xgboost_lag,0.5430563122600595,0.6535098
16.15,77.9,2020,4,early,xgboost_lag,-0.0102398957728782,-0.20941445
16.15,77.9,2020,6,early,xgboost_lag,0.5189880982658762,0.42929974
16.15,77.9,2020,7,early,xgboost_lag,1.351164299246268,1.3267794
16.15,77.9,2020,9,early,xgboost_lag,2.077597785906266,1.2917206
16.15,77.9,2020,10,early,xgboost_lag,1.900108631048686,1.2629576
16.15,77.9,2020,11,early,xgboost_lag,1.9624144191039723,1.484462
16.15,77.9,2020,12,early,xgboost_lag,1.9394796468576847,1.5888671
16.15,78.15,2019,1,early,xgboost_lag,-0.9675101580626388,-0.89984643
16.15,78.15,2019,2,early,xgboost_lag,-1.6445326893577574,-1.3872602
16.15,78.15,2019,3,early,xgboost_lag,-1.5110772413018947,-0.8163879
16.15,78.15,2019,5,early,xgboost_lag,-1.1220109432189,-0.68661463
16.15,78.15,2019,6,early,xgboost_lag,-0.4440103951246654,0.27133387
16.15,78.15,2019,8,early,xgboost_lag,-0.0779113388197098,0.4336927
16.15,78.15,2019,9,early,xgboost_lag,0.4514326662076855,0.39731112
16.15,78.15,2019,10,early,xgboost_lag,0.5218540033617427,0.25167075
16.15,78.15,2019,11,early,xgboost_lag,0.6326134989488232,0.40274426
16.15,78.15,2019,12,early,xgboost_lag,0.6844960286544858,0.50991404
16.15,78.15,2020,1,early,xgboost_lag,1.1404310129305273,0.37493432
16.15,78.15,2020,2,early,xgboost_lag,0.7795925254891523,1.001149
16.15,78.15,2020,3,early,xgboost_lag,0.3829478617067774,0.5662928
16.15,78.15,2020,4,early,xgboost_lag,-0.235613645831289,-0.4269308
16.15,78.15,2020,6,early,xgboost_lag,0.5091632694075138,0.25952518
16.15,78.15,2020,7,early,xgboost_lag,1.3807192967151942,1.3252025
16.15,78.15,2020,9,early,xgboost_lag,2.139016896353968,1.2653779
16.15,78.15,2020,10,early,xgboost_lag,1.9927380286944905,1.274005
16.15,78.15,2020,11,early,xgboost_lag,2.078785252003295,1.5281471
16.15,78.15,2020,12,early,xgboost_lag,2.02272809181511,1.5785385
16.15,78.4,2019,1,early,xgboost_lag,-0.8167323878579363,-1.0025784
16.15,78.4,2019,2,early,xgboost_lag,-1.52494109597191,-1.3894761
16.15,78.4,2019,3,early,xgboost_lag,-1.3657543185669168,-0.85282975
16.15,78.4,2019,5,early,xgboost_lag,-1.0535007290157072,-0.73556966
16.15,78.4,2019,6,early,xgboost_lag,-0.5267053344795707,0.24311405
16.15,78.4,2019,7,early,xgboost_lag,-0.7356897994438515,-0.008665851
16.15,78.4,2019,8,early,xgboost_lag,0.1697587241569732,0.13219494
16.15,78.4,2019,9,early,xgboost_lag,0.5249064372328892,0.45475534
16.15,78.4,2019,10,early,xgboost_lag,0.63902487559263,0.41584617
16.15,78.4,2019,11,early,xgboost_lag,0.774904490075212,0.50900435
16.15,78.4,2019,12,early,xgboost_lag,0.8386377579483386,0.55499303
16.15,78.4,2020,1,early,xgboost_lag,1.220065485848412,0.46956995
16.15,78.4,2020,2,early,xgboost_lag,0.7633397294746972,1.0510511
16.15,78.4,2020,3,early,xgboost_lag,0.5477324345782798,0.5085139
16.15,78.4,2020,4,early,xgboost_lag,-0.205642785127438,-0.23934081
16.15,78.4,2020,6,early,xgboost_lag,0.6556287073896665,0.5529348
16.15,78.4,2020,7,early,xgboost_lag,1.262268629532342,1.1032388
16.15,78.4,2020,9,early,xgboost_lag,2.285027190991254,1.2821057
16.15,78.4,2020,10,early,xgboost_lag,2.147412461569151,1.2369872
16.15,78.4,2020,11,early,xgboost_lag,2.2446652316040763,1.4941578
16.15,78.4,2020,12,early,xgboost_lag,2.15403495346191,1.5410094
16.15,78.65,2019,1,early,xgboost_lag,-0.8414135451241314,-1.0205231
16.15,78.65,2019,2,early,xgboost_lag,-1.5036783382259882,-1.0968072
16.15,78.65,2019,3,early,xgboost_lag,-1.478752556390586,-0.9682498
16.15,78.65,2019,5,early,xgboost_lag,-0.8868455937877165,-0.77926016
16.15,78.65,2019,6,early,xgboost_lag,-0.5377417933455805,0.120351024
16.15,78.65,2019,7,early,xgboost_lag,-0.6295816071780346,-0.05925055
16.15,78.65,2019,8,early,xgboost_lag,0.3335707948057726,0.09863513
16.15,78.65,2019,9,early,xgboost_lag,0.716370722262549,0.74281114
16.15,78.65,2019,10,early,xgboost_lag,0.9151382382137492,0.839051
16.15,78.65,2019,11,early,xgboost_lag,1.005674884009202,0.7062749
16.15,78.65,2019,12,early,xgboost_lag,1.0775071203541473,0.7662788
16.15,78.65,2020,1,early,xgboost_lag,1.505041646539783,0.6787647
16.15,78.65,2020,2,early,xgboost_lag,1.0838648103797812,1.0055084
16.15,78.65,2020,3,early,xgboost_lag,0.8509963494350531,0.9657232
16.15,78.65,2020,4,early,xgboost_lag,-0.1588095966800817,0.29950592
16.15,78.65,2020,6,early,xgboost_lag,0.6625557269749046,0.39929476
16.15,78.65,2020,7,early,xgboost_lag,0.9944818236362116,0.9285026
16.15,78.65,2020,9,early,xgboost_lag,2.268985157530429,1.0675302
16.15,78.65,2020,10,early,xgboost_lag,2.1121687048218267,1.3152726
16.15,78.65,2020,11,early,xgboost_lag,2.2259487631806567,1.4962568
16.15,78.65,2020,12,early,xgboost_lag,2.1101306077945003,1.5530932
16.15,78.9,2019,1,early,xgboost_lag,-0.9004306513762539,-1.0664003
16.15,78.9,2019,2,early,xgboost_lag,-1.439625720020019,-1.0516777
16.15,78.9,2019,3,early,xgboost_lag,-1.3871567543748071,-0.97560734
16.15,78.9,2019,5,early,xgboost_lag,-0.1210304180502962,-0.76519465
16.15,78.9,2019,6,early,xgboost_lag,-0.2204095301636513,0.043920927
16.15,78.9,2019,7,early,xgboost_lag,-0.6615080245794837,0.077895254
16.15,78.9,2019,8,early,xgboost_lag,0.0617149181658859,0.03191984
16.15,78.9,2019,9,early,xgboost_lag,0.6653941598884622,0.59961605
16.15,78.9,2019,10,early,xgboost_lag,0.9273657388518282,0.90759474
16.15,78.9,2019,11,early,xgboost_lag,0.9169005377079908,0.7134971
16.15,78.9,2019,12,early,xgboost_lag,1.0306708420963282,0.5473724
16.15,78.9,2020,1,early,xgboost_lag,1.496744585335617,0.6463546
16.15,78.9,2020,2,early,xgboost_lag,1.226767129373033,1.2575585
16.15,78.9,2020,3,early,xgboost_lag,0.9080815646590122,1.1554004
16.15,78.9,2020,4,early,xgboost_lag,-0.1091167021185982,0.44239226
16.15,78.9,2020,6,early,xgboost_lag,0.5256742530742895,0.32377303
16.15,78.9,2020,7,early,xgboost_lag,0.88710965778679,0.9190742
16.15,78.9,2020,9,early,xgboost_lag,2.2845742751140143,1.144606
16.15,78.9,2020,10,early,xgboost_lag,2.0336869177218624,1.3652658
16.15,78.9,2020,11,early,xgboost_lag,2.1839907238932543,1.4955223
16.15,78.9,2020,12,early,xgboost_lag,2.1542246274145054,1.5735561
16.15,79.15,2019,1,early,xgboost_lag,-0.7764941983153624,-1.1084725
16.15,79.15,2019,2,early,xgboost_lag,-1.2960037923395702,-0.97560465
16.15,79.15,2019,3,early,xgboost_lag,-1.099212899735721,-0.8700654
16.15,79.15,2019,5,early,xgboost_lag,0.390546691720216,-0.7496871
16.15,79.15,2019,6,early,xgboost_lag,0.0242666345734012,0.3519704
16.15,79.15,2019,7,early,xgboost_lag,-0.7126257382427433,0.22307937
16.15,79.15,2019,8,early,xgboost_lag,-0.2145612900315676,-0.15686782
16.15,79.15,2019,9,early,xgboost_lag,0.4683753728330447,0.26606202
16.15,79.15,2019,10,early,xgboost_lag,0.8529797443675297,0.8205806
16.15,79.15,2019,11,early,xgboost_lag,0.7669818864171353,0.5784176
16.15,79.15,2019,12,early,xgboost_lag,0.9323398671007668,0.41428697
16.15,79.15,2020,1,early,xgboost_lag,1.4622045017820036,0.51357394
16.15,79.15,2020,2,early,xgboost_lag,1.2902527658507696,1.1891959
16.15,79.15,2020,3,early,xgboost_lag,0.9787446265026064,1.2391195
16.15,79.15,2020,4,early,xgboost_lag,-0.0093684607018285,0.22165821
16.15,79.15,2020,6,early,xgboost_lag,0.3846728374600474,0.15446389
16.15,79.15,2020,7,early,xgboost_lag,0.7379200393972595,0.94093543
16.15,79.15,2020,9,early,xgboost_lag,2.209924786062013,1.1712353
16.15,79.15,2020,10,early,xgboost_lag,1.959959565483144,1.3713802
16.15,79.15,2020,11,early,xgboost_lag,2.139132179542204,1.463666
16.15,79.15,2020,12,early,xgboost_lag,2.198271745895229,1.5656077
16.15,79.4,2019,1,early,xgboost_lag,-0.5585910215130263,-1.0688983
16.15,79.4,2019,2,early,xgboost_lag,-1.1602986960037005,-0.899358
16.15,79.4,2019,3,early,xgboost_lag,-0.7142724075156515,-0.8782977
16.15,79.4,2019,5,early,xgboost_lag,0.7043374966144152,-0.5716792
16.15,79.4,2019,7,early,xgboost_lag,-0.9066389866273316,0.3054306
16.15,79.4,2019,8,early,xgboost_lag,-0.4189919931601676,-0.161581
16.15,79.4,2019,9,early,xgboost_lag,0.3002095854569536,0.20306174
16.15,79.4,2019,10,early,xgboost_lag,0.8463935127076452,0.7253128
16.15,79.4,2019,11,early,xgboost_lag,0.7777739928109667,0.5676702
16.15,79.4,2019,12,early,xgboost_lag,0.9519196225461896,0.39679193
16.15,79.4,2020,1,early,xgboost_lag,1.571170589923652,0.5839788
16.15,79.4,2020,2,early,xgboost_lag,1.4148284106267537,1.2253435
16.15,79.4,2020,3,early,xgboost_lag,1.1893833688505526,1.1197181
16.15,79.4,2020,4,early,xgboost_lag,0.0176202947135049,0.49752033
16.15,79.4,2020,6,early,xgboost_lag,0.3477967903332964,0.15372047
16.15,79.4,2020,7,early,xgboost_lag,0.7266503490480057,0.88979715
16.15,79.4,2020,9,early,xgboost_lag,2.111949331163427,1.1799642
16.15,79.4,2020,10,early,xgboost_lag,1.878751312002908,1.3974293
16.15,79.4,2020,11,early,xgboost_lag,2.132047158237037,1.3776282
16.15,79.4,2020,12,early,xgboost_lag,2.179582465740773,1.565081
