latitude,longitude,time,SPEI_true,SPEI_pred
14.9,76.9,2019-01-01,-1.6355670865759264,-1.660226
14.9,76.9,2019-02-01,-1.753350067454643,-1.693044
14.9,76.9,2019-03-01,-1.6964431162877602,-1.579698
14.9,76.9,2019-05-01,-1.486606910568787,-0.9286032
14.9,76.9,2019-06-01,-0.7650145735182451,-0.24758121
14.9,76.9,2019-07-01,-1.2373374128316343,-0.78823996
14.9,76.9,2019-08-01,-0.7066799649471354,-0.12067623
14.9,76.9,2019-09-01,-0.1692119567062593,0.2741971
14.9,76.9,2019-10-01,0.9835276897332847,0.95642513
14.9,76.9,2019-11-01,0.9590467885407632,0.7570796
14.9,76.9,2019-12-01,0.9383646702608204,0.745244
14.9,76.9,2020-01-01,1.2091827212182449,0.9252192
14.9,76.9,2020-02-01,1.1817248535016307,1.1779257
14.9,76.9,2020-03-01,1.0924086213413111,1.336632
14.9,76.9,2020-04-01,-0.4128316033087181,-1.1292454
14.9,76.9,2020-06-01,-0.6259778144479882,-0.59866476
14.9,76.9,2020-07-01,0.7721570180125983,0.6736897
14.9,76.9,2020-09-01,1.3842724419101664,0.9821615
14.9,76.9,2020-10-01,1.2768319284738356,0.817293
14.9,76.9,2020-11-01,1.2540952671345875,0.8199122
14.9,76.9,2020-12-01,1.1807833257794125,0.890908
14.9,77.15,2019-01-01,-1.6360027828455777,-1.6638632
14.9,77.15,2019-02-01,-1.7725811537965326,-1.682677
14.9,77.15,2019-03-01,-1.744540441623471,-1.5282457
14.9,77.15,2019-05-01,-1.2426378535704568,-0.6949688
14.9,77.15,2019-06-01,-0.6354915010365096,-0.13678032
14.9,77.15,2019-07-01,-1.116047851605434,-0.74669635
14.9,77.15,2019-08-01,-0.4875271725588798,-0.15983462
14.9,77.15,2019-09-01,-0.0480695315218726,0.101699024
14.9,77.15,2019-10-01,0.8119511789762058,0.6368934
14.9,77.15,2019-11-01,0.7768777214808852,0.3487528
14.9,77.15,2019-12-01,0.7891187730457982,0.41021287
14.9,77.15,2020-01-01,1.0641890088909542,0.6911687
14.9,77.15,2020-02-01,1.0169447934220162,1.012233
14.9,77.15,2020-03-01,0.9451843438833968,1.1889933
14.9,77.15,2020-04-01,-0.2793320879038977,-0.8661564
14.9,77.15,2020-06-01,-0.4726940627144901,-0.44839615
14.9,77.15,2020-09-01,1.4638690680527546,0.9372693
14.9,77.15,2020-10-01,1.287685917976593,0.58942723
14.9,77.15,2020-11-01,1.302894388379438,0.6672423
14.9,77.15,2020-12-01,1.2258945274628723,0.7428102
14.9,77.4,2019-01-01,-1.500674894940563,-1.539978
14.9,77.4,2019-02-01,-1.6777596794155265,-1.5960435
14.9,77.4,2019-03-01,-1.7711754198097496,-1.4347612
14.9,77.4,2019-05-01,-1.1621166529049112,-0.4467048
14.9,77.4,2019-06-01,-0.4179567570361755,0.044400018
14.9,77.4,2019-07-01,-0.967393125255972,-0.6721508
14.9,77.4,2019-08-01,-0.2880419971395562,0.00859496
14.9,77.4,2019-09-01,0.1521882371541713,0.27297592
14.9,77.4,2019-10-01,0.77984296716474,0.5145305
14.9,77.4,2019-11-01,0.7152363713901911,-0.033825494
14.9,77.4,2019-12-01,0.7169872957328666,0.069220915
14.9,77.4,2020-01-01,1.026074032848719,0.56283295
14.9,77.4,2020-02-01,0.9461478238407036,0.8876885
14.9,77.4,2020-03-01,0.8527722082574536,1.1025914
14.9,77.4,2020-04-01,-0.1964164472359513,-0.70844793
14.9,77.4,2020-06-01,-0.1593894591297626,-0.23976922
14.9,77.4,2020-07-01,1.1281234438047107,0.78849256
14.9,77.4,2020-09-01,1.541377455429639,1.0402972
14.9,77.4,2020-10-01,1.3061472308144677,0.6419139
14.9,77.4,2020-11-01,1.353040641349229,0.68857783
14.9,77.4,2020-12-01,1.2289372374134486,0.78353626
14.9,77.65,2019-01-01,-1.423144936596895,-1.5077089
14.9,77.65,2019-02-01,-1.547802003360217,-1.6122348
14.9,77.65,2019-03-01,-1.7445908294663894,-1.4660964
14.9,77.65,2019-05-01,-1.2351744790274313,-0.44799218
14.9,77.65,2019-06-01,-0.4257294025313723,0.08156645
14.9,77.65,2019-07-01,-1.0314340889529592,-0.6155723
14.9,77.65,2019-09-01,0.2689516393610189,0.41289568
14.9,77.65,2019-10-01,0.7439254455129259,0.7646114
14.9,77.65,2019-11-01,0.672888564203073,0.035955064
14.9,77.65,2019-12-01,0.6823839805476667,0.02350577
14.9,77.65,2020-01-01,1.0101049482051037,0.4831191
14.9,77.65,2020-02-01,0.9193801430501664,0.72739005
14.9,77.65,2020-03-01,0.8152037914100798,0.89124537
14.9,77.65,2020-04-01,0.0269634117097138,-0.7567927
14.9,77.65,2020-06-01,0.069381740343161,-0.057005905
14.9,77.65,2020-07-01,1.18573181190961,1.01066
14.9,77.65,2020-09-01,1.5866960967189805,1.3164318
14.9,77.65,2020-10-01,1.432627595278228,1.0943961
14.9,77.65,2020-11-01,1.4733503926394194,0.95769787
14.9,77.65,2020-12-01,1.3310152611216168,0.92529917
14.9,77.9,2019-01-01,-1.3371151108764106,-1.3681825
14.9,77.9,2019-02-01,-1.460815156978179,-1.4161987
14.9,77.9,2019-03-01,-1.6718529015909067,-1.3020473
14.9,77.9,2019-05-01,-1.2026551664155658,-0.30657762
14.9,77.9,2019-06-01,-0.3951534988184843,0.23111892
14.9,77.9,2019-07-01,-0.9257656914082252,-0.41084045
14.9,77.9,2019-08-01,0.029988354653531,0.25392568
14.9,77.9,2019-09-01,0.5212927386279907,1.146251
14.9,77.9,2019-10-01,0.8649403150587432,1.2245692
14.9,77.9,2019-11-01,0.7671612773793008,0.5805345
14.9,77.9,2019-12-01,0.7619804127477265,0.442075
14.9,77.9,2020-01-01,1.0553649531536629,0.79813325
14.9,77.9,2020-02-01,0.949971543199242,0.9215109
14.9,77.9,2020-03-01,0.763961503563587,0.9360425
14.9,77.9,2020-04-01,0.0178075387055868,-0.77935547
14.9,77.9,2020-06-01,0.1033029030519042,-0.054213285
14.9,77.9,2020-07-01,1.1527134061164903,0.88458467
14.9,77.9,2020-09-01,1.5215409742001862,1.4154859
14.9,77.9,2020-10-01,1.3635577946972663,1.1676899
14.9,77.9,2020-11-01,1.5044101915705137,1.14149
14.9,77.9,2020-12-01,1.368394373135816,1.0790756
14.9,78.15,2019-01-01,-1.2495891215661743,-1.3440889
14.9,78.15,2019-02-01,-1.3805502639771603,-1.2445902
14.9,78.15,2019-03-01,-1.4977479275371992,-1.0896796
14.9,78.15,2019-05-01,-1.156732894568728,-0.3781444
14.9,78.15,2019-06-01,-0.3814016796303168,0.11621427
14.9,78.15,2019-07-01,-0.9987844902025356,-0.5891647
14.9,78.15,2019-08-01,0.1021533209070085,0.3434979
14.9,78.15,2019-09-01,0.6047197711780928,1.296775
14.9,78.15,2019-10-01,0.8390806463916127,1.0919989
14.9,78.15,2019-11-01,0.7113543590922314,0.3949725
14.9,78.15,2019-12-01,0.692303439516056,0.30659974
14.9,78.15,2020-01-01,0.9826907953523688,0.7469031
14.9,78.15,2020-02-01,0.8414271641274869,0.89951164
14.9,78.15,2020-03-01,0.5128575169373031,0.77194226
14.9,78.15,2020-04-01,-0.15517715407791,-0.5960543
14.9,78.15,2020-06-01,0.1289020512549236,0.023056827
14.9,78.15,2020-07-01,1.034412656324213,0.8983206
14.9,78.15,2020-09-01,1.372329802467888,1.41844
14.9,78.15,2020-10-01,1.1351170445316918,1.1233726
14.9,78.15,2020-11-01,1.4246119825164285,1.2441096
14.9,78.15,2020-12-01,1.247672075385318,1.1802024
14.9,78.4,2019-01-01,-1.245371391953181,-1.2806293
14.9,78.4,2019-02-01,-1.3757283599451349,-1.1925486
14.9,78.4,2019-03-01,-1.4613420805420037,-1.1132563
14.9,78.4,2019-05-01,-1.1055943808145308,-0.45010155
14.9,78.4,2019-06-01,-0.5081999830125576,-0.020560138
14.9,78.4,2019-07-01,-1.0324080364898238,-0.57730925
14.9,78.4,2019-08-01,0.1233851354231033,0.2628205
14.9,78.4,2019-09-01,0.6419850532573181,1.1644508
14.9,78.4,2019-10-01,0.7765675193313195,0.86697286
14.9,78.4,2019-11-01,0.6247897365446723,0.3769729
14.9,78.4,2019-12-01,0.6500161273129481,0.4515385
14.9,78.4,2020-01-01,0.941745418507636,0.6888368
14.9,78.4,2020-02-01,0.7834259771314617,0.735915
14.9,78.4,2020-03-01,0.3558699597936173,0.35380286
14.9,78.4,2020-04-01,-0.1162891550870733,-0.56389517
14.9,78.4,2020-06-01,0.2560987655786105,0.24212691
14.9,78.4,2020-07-01,1.0433528513542496,1.0092021
14.9,78.4,2020-09-01,1.3056975444688916,1.3745927
14.9,78.4,2020-10-01,1.0463922454519103,0.9961988
14.9,78.4,2020-11-01,1.4475376501815111,1.1811447
14.9,78.4,2020-12-01,1.2557220697774265,1.0801295
14.9,78.65,2019-01-01,-1.404184757460737,-1.3748271
14.9,78.65,2019-02-01,-1.498308042971313,-1.4572673
14.9,78.65,2019-03-01,-1.6097989030275524,-1.4256154
14.9,78.65,2019-05-01,-0.85979863315148,-0.46793437
14.9,78.65,2019-06-01,-0.5537789861663357,0.067863606
14.9,78.65,2019-09-01,0.6595017818103659,0.803813
14.9,78.65,2019-10-01,0.8427538318156143,1.0172817
14.9,78.65,2019-11-01,0.6785309849995559,0.37709737
14.9,78.65,2019-12-01,0.7360971267892068,0.43045634
14.9,78.65,2020-01-01,1.0142366674023873,0.66197526
14.9,78.65,2020-02-01,0.9032043394906932,0.7685621
14.9,78.65,2020-03-01,0.5096655392037975,0.5652771
14.9,78.65,2020-04-01,-0.0552506698783524,-0.5563465
14.9,78.65,2020-06-01,0.3680290128365853,0.31558895
14.9,78.65,2020-07-01,1.0108213839858349,1.0217587
14.9,78.65,2020-09-01,1.5287160005675486,1.4233243
14.9,78.65,2020-10-01,1.1907948104576458,0.97541046
14.9,78.65,2020-11-01,1.5585438573897086,1.2565879
14.9,78.65,2020-12-01,1.316040502072271,1.1403768
14.9,78.9,2019-01-01,-1.487503549525987,-1.1951396
14.9,78.9,2019-02-01,-1.517724359974037,-1.3750141
14.9,78.9,2019-03-01,-1.5827652994362915,-1.4289372
14.9,78.9,2019-05-01,-0.7541491199204299,-0.38327593
14.9,78.9,2019-06-01,-0.4790966395226246,0.16845492
14.9,78.9,2019-09-01,0.6153870535684626,0.6065776
14.9,78.9,2019-10-01,0.911257477958662,1.0562259
14.9,78.9,2019-11-01,0.7027738015810128,0.6179204
14.9,78.9,2019-12-01,0.8137029539677119,0.63736033
14.9,78.9,2020-01-01,1.0831480220780143,0.6799022
14.9,78.9,2020-02-01,1.0403095881295488,0.74085796
14.9,78.9,2020-03-01,0.7203235305465607,0.44402805
14.9,78.9,2020-04-01,0.0431618743696713,-0.8523706
14.9,78.9,2020-06-01,0.5897080848218031,0.4257009
14.9,78.9,2020-07-01,1.069162445981128,0.9333653
14.9,78.9,2020-09-01,1.7350554484806109,1.4587408
14.9,78.9,2020-10-01,1.3583443271543625,1.1823368
14.9,78.9,2020-11-01,1.6632397448883376,1.4164406
14.9,78.9,2020-12-01,1.39043435884443,1.2363093
14.9,79.15,2019-01-01,-1.3450364768137362,-1.4316896
14.9,79.15,2019-02-01,-1.407570196690992,-1.3256829
14.9,79.15,2019-03-01,-1.4446639657168423,-1.4035267
14.9,79.15,2019-05-01,-0.7435692547627273,-0.57627565
14.9,79.15,2019-06-01,-0.6285332840316232,-0.13188165
14.9,79.15,2019-08-01,-0.2464144361705545,-0.3339008
14.9,79.15,2019-09-01,0.5380536240173519,0.34332246
14.9,79.15,2019-10-01,0.9734180342273544,0.9386725
14.9,79.15,2019-11-01,0.6598808230545099,0.36410344
14.9,79.15,2019-12-01,0.8645657807592971,0.3383383
14.9,79.15,2020-01-01,1.163378125854334,0.41316193
14.9,79.15,2020-02-01,1.1475172395308424,0.7503222
14.9,79.15,2020-03-01,0.8178444921043431,0.650836
14.9,79.15,2020-04-01,0.1075477238127022,-0.59143925
14.9,79.15,2020-06-01,0.771653927523673,0.38066995
14.9,79.15,2020-07-01,1.0067313511443394,0.78355396
14.9,79.15,2020-09-01,1.7205360795022404,1.3512472
14.9,79.15,2020-10-01,1.3524936021937792,1.1548967
14.9,79.15,2020-11-01,1.6406448758181025,1.3378942
14.9,79.15,2020-12-01,1.4482089967997889,1.1685609
14.9,79.4,2019-01-01,-0.9675756163627108,-0.80124545
14.9,79.4,2019-02-01,-0.925233579884114,-0.44614536
14.9,79.4,2019-03-01,-0.995798801141727,-0.6244045
14.9,79.4,2019-05-01,-0.5117581273973896,-0.4035507
14.9,79.4,2019-06-01,-0.8293869177360025,-0.2701234
14.9,79.4,2019-07-01,-1.0648830398230202,-0.7581924
14.9,79.4,2019-08-01,-0.7047874373022764,-0.5825578
14.9,79.4,2019-09-01,0.1682278552859156,0.08592667
14.9,79.4,2019-10-01,0.825907974938675,0.91749907
14.9,79.4,2019-11-01,0.4769633561472272,0.19193128
14.9,79.4,2019-12-01,0.7463469974323904,0.4503069
14.9,79.4,2020-01-01,1.1734075591684008,0.69428205
14.9,79.4,2020-02-01,1.154837503505839,0.9605905
14.9,79.4,2020-03-01,0.8521724733771118,0.89843076
14.9,79.4,2020-04-01,0.081732942534567,-0.16686353
14.9,79.4,2020-06-01,0.7105786869910954,0.31076053
14.9,79.4,2020-07-01,0.7440624103190612,0.6667796
14.9,79.4,2020-09-01,1.5691035462578395,1.2666703
14.9,79.4,2020-10-01,1.330121195686678,1.3084437
14.9,79.4,2020-11-01,1.6387569005738036,1.52848
14.9,79.4,2020-12-01,1.5942143919650802,1.3588268
15.15,76.9,2019-01-01,-1.3564778956507106,-1.3589213
15.15,76.9,2019-02-01,-1.5541447782317843,-1.508618
15.15,76.9,2019-03-01,-1.5262541163522394,-1.3522323
15.15,76.9,2019-05-01,-1.4311012394782687,-0.5500344
15.15,76.9,2019-06-01,-0.4738984242737524,0.22948763
15.15,76.9,2019-07-01,-1.0754114728437618,-0.29549736
15.15,76.9,2019-08-01,-0.6282843348015962,0.107800685
15.15,76.9,2019-09-01,-0.1452105992893129,0.29147896
15.15,76.9,2019-10-01,0.9207923986164032,0.7706216
15.15,76.9,2019-11-01,0.9044472291258434,0.48913652
15.15,76.9,2019-12-01,0.8935914046837624,0.5058639
15.15,76.9,2020-01-01,1.2878197535873337,0.7048483
15.15,76.9,2020-02-01,1.2768731908251056,0.9942033
15.15,76.9,2020-03-01,1.240571322661587,1.3359046
15.15,76.9,2020-04-01,-0.3593420277636773,-1.0502765
15.15,76.9,2020-06-01,-0.473473541715565,-0.37861696
15.15,76.9,2020-09-01,1.3406633111058142,0.9529517
15.15,76.9,2020-10-01,1.3550348620322348,0.5438543
15.15,76.9,2020-11-01,1.3616744041439006,0.67902106
15.15,76.9,2020-12-01,1.3120211997691595,0.70386314
15.15,77.15,2019-01-01,-1.341663699463809,-1.1924156
15.15,77.15,2019-02-01,-1.5494277341132237,-1.3352661
15.15,77.15,2019-03-01,-1.5606532390392096,-1.2291255
15.15,77.15,2019-05-01,-1.197169121291916,-0.44906744
15.15,77.15,2019-06-01,-0.3515895231120873,0.12239193
15.15,77.15,2019-07-01,-0.9016869851853996,-0.49885553
15.15,77.15,2019-08-01,-0.3655740516216203,-0.002176635
15.15,77.15,2019-09-01,-0.0182530866709619,0.23073763
15.15,77.15,2019-10-01,0.7747121623063956,0.6737608
15.15,77.15,2019-11-01,0.7508909735411192,0.41308093
15.15,77.15,2019-12-01,0.7608648508882391,0.4204622
15.15,77.15,2020-01-01,1.1412881171972886,0.6732461
15.15,77.15,2020-02-01,1.0957120280565285,0.9823908
15.15,77.15,2020-03-01,1.086666723599437,1.1990551
15.15,77.15,2020-04-01,-0.2196639966750768,-0.73274344
15.15,77.15,2020-06-01,-0.2873049101216072,-0.416116
15.15,77.15,2020-07-01,1.183553925575925,0.681141
15.15,77.15,2020-09-01,1.4060068905864216,0.9849768
15.15,77.15,2020-10-01,1.3719205458377477,0.838549
15.15,77.15,2020-11-01,1.4139807792280492,0.86904734
15.15,77.15,2020-12-01,1.3585831324606763,0.9373082
15.15,77.4,2019-01-01,-1.30869967919738,-1.1802025
15.15,77.4,2019-02-01,-1.5089704290881798,-1.3213028
15.15,77.4,2019-03-01,-1.65686871229327,-1.3280355
15.15,77.4,2019-05-01,-1.2735482516141667,-0.4119545
15.15,77.4,2019-06-01,-0.379755288572179,0.2200593
15.15,77.4,2019-08-01,-0.1997657430418218,0.108027525
15.15,77.4,2019-09-01,0.1176889188889796,0.44879282
15.15,77.4,2019-10-01,0.7333275018426604,0.6774466
15.15,77.4,2019-11-01,0.7197184778681713,0.22392741
15.15,77.4,2019-12-01,0.7536236237856403,0.3103491
15.15,77.4,2020-01-01,1.1393294068448785,0.64436054
15.15,77.4,2020-02-01,1.061182389564544,0.9459366
15.15,77.4,2020-03-01,1.0515390952144434,1.2223735
15.15,77.4,2020-04-01,0.0870760442458951,-0.42604813
15.15,77.4,2020-06-01,-0.2125358934520248,-0.24743348
15.15,77.4,2020-07-01,1.1781702628183517,0.8113201
15.15,77.4,2020-09-01,1.4316112062867428,1.0998703
15.15,77.4,2020-10-01,1.473458925504306,1.0965608
15.15,77.4,2020-11-01,1.542569614083245,1.121774
15.15,77.4,2020-12-01,1.476398440665306,1.1508112
15.15,77.65,2019-01-01,-1.264390538096134,-1.1625592
15.15,77.65,2019-02-01,-1.4108555631925777,-1.3590244
15.15,77.65,2019-03-01,-1.6563053903015703,-1.3780627
15.15,77.65,2019-05-01,-1.318969349745156,-0.44249153
15.15,77.65,2019-06-01,-0.339899638444289,0.23932877
15.15,77.65,2019-07-01,-0.9491944884259744,-0.5272267
15.15,77.65,2019-08-01,-0.1470785610445122,0.1467861
15.15,77.65,2019-09-01,0.2265874947147205,0.7391389
15.15,77.65,2019-10-01,0.7046325923527648,0.7928771
15.15,77.65,2019-11-01,0.6880224585606923,0.36804515
15.15,77.65,2019-12-01,0.7215619283119236,0.43964574
15.15,77.65,2020-01-01,1.1120047550194834,0.80476683
15.15,77.65,2020-02-01,1.0217627607108106,1.0258254
15.15,77.65,2020-03-01,1.0120760728385327,1.1423304
15.15,77.65,2020-04-01,0.2554945033031842,-0.56809294
15.15,77.65,2020-06-01,-0.0127647610332113,-0.17331791
15.15,77.65,2020-07-01,1.232405758165982,0.93615687
15.15,77.65,2020-09-01,1.489969686819839,1.2147933
15.15,77.65,2020-10-01,1.5712901269571309,1.2715218
15.15,77.65,2020-11-01,1.6438828323285264,1.2783574
15.15,77.65,2020-12-01,1.557093773294907,1.2421979
15.15,77.9,2019-01-01,-1.2881199843450934,-1.07978
15.15,77.9,2019-02-01,-1.3980940821073469,-1.256549
15.15,77.9,2019-03-01,-1.6500167781063937,-1.2954409
15.15,77.9,2019-05-01,-1.0405243138644469,-0.29313353
15.15,77.9,2019-06-01,-0.0553190965453434,0.50108516
15.15,77.9,2019-07-01,-0.8111208421508075,-0.25594276
15.15,77.9,2019-08-01,-0.0507955843008525,0.42048374
15.15,77.9,2019-09-01,0.3549213972699856,1.1448781
15.15,77.9,2019-10-01,0.7025136054000709,1.1268153
15.15,77.9,2019-11-01,0.6741345966363774,0.78548527
15.15,77.9,2019-12-01,0.6368286202354584,0.66409904
15.15,77.9,2020-01-01,1.033957829993403,0.8944567
15.15,77.9,2020-02-01,0.9473970483500624,1.0593318
15.15,77.9,2020-03-01,0.8725502530507221,1.0516076
15.15,77.9,2020-04-01,0.0863245672054551,-0.69425654
15.15,77.9,2020-06-01,-0.0995660173073755,-0.10718775
15.15,77.9,2020-07-01,1.0840105433177034,1.036539
15.15,77.9,2020-09-01,1.3597165813575558,1.4200679
15.15,77.9,2020-10-01,1.5083086102645478,1.5523847
15.15,77.9,2020-11-01,1.6144696213576106,1.5221056
15.15,77.9,2020-12-01,1.5289837337353136,1.4642076
15.15,78.15,2019-01-01,-1.209009872287632,-1.1002406
15.15,78.15,2019-02-01,-1.322833549507038,-1.1357605
15.15,78.15,2019-03-01,-1.467680397492102,-1.1471661
15.15,78.15,2019-05-01,-0.9383784263070584,-0.29958057
15.15,78.15,2019-06-01,-0.0279275659094222,0.5066312
15.15,78.15,2019-07-01,-0.8473086517952806,-0.28239554
15.15,78.15,2019-08-01,0.0345705750540456,0.64863414
15.15,78.15,2019-09-01,0.4465744180558049,1.4295126
15.15,78.15,2019-10-01,0.6799614139663429,1.2374607
15.15,78.15,2019-11-01,0.6285241023552913,0.71503615
15.15,78.15,2019-12-01,0.5653188981017585,0.58777046
15.15,78.15,2020-01-01,0.9595222496252288,0.9176595
15.15,78.15,2020-02-01,0.8357382643395462,1.0402808
15.15,78.15,2020-03-01,0.609180221950259,0.8512646
15.15,78.15,2020-04-01,-0.1089362412862757,-0.5874802
15.15,78.15,2020-06-01,-0.0342495096961471,0.004951261
15.15,78.15,2020-07-01,0.984799409250485,1.156147
15.15,78.15,2020-09-01,1.2225812986014626,1.5202475
15.15,78.15,2020-10-01,1.3070642568430224,1.420628
15.15,78.15,2020-11-01,1.543459745593067,1.46002
15.15,78.15,2020-12-01,1.4190715232609046,1.383171
15.15,78.4,2019-01-01,-1.01889737897506,-1.0336003
15.15,78.4,2019-02-01,-1.1483288833118226,-1.096931
15.15,78.4,2019-03-01,-1.198832381838276,-1.0679369
15.15,78.4,2019-05-01,-0.9769498913459308,-0.53662646
15.15,78.4,2019-06-01,-0.3357912811408449,0.028189685
15.15,78.4,2019-07-01,-1.083198270688576,-0.56137276
15.15,78.4,2019-08-01,-0.0295495767144959,0.25968963
15.15,78.4,2019-09-01,0.4756171851087279,1.0324934
15.15,78.4,2019-10-01,0.6318307586208896,0.56928617
15.15,78.4,2019-11-01,0.5587523143333825,0.076929696
15.15,78.4,2019-12-01,0.5623371133649777,0.21799213
15.15,78.4,2020-01-01,0.9471346540816856,0.6013174
15.15,78.4,2020-02-01,0.7391392673568915,0.59677595
15.15,78.4,2020-03-01,0.3307962748120717,0.13043094
15.15,78.4,2020-04-01,-0.2078511370766436,-0.71882963
15.15,78.4,2020-06-01,0.2016441436440424,0.29298228
15.15,78.4,2020-07-01,0.8383327959822884,0.9884286
15.15,78.4,2020-09-01,1.2111149149490532,1.2864612
15.15,78.4,2020-10-01,1.085390465926882,0.94850606
15.15,78.4,2020-11-01,1.4962196816663371,1.138611
15.15,78.4,2020-12-01,1.2917871179545246,1.0962249
15.15,78.65,2019-01-01,-1.2034658001291942,-1.0736138
15.15,78.65,2019-02-01,-1.3168903778932406,-1.3401192
15.15,78.65,2019-03-01,-1.4536349160547697,-1.3410187
15.15,78.65,2019-05-01,-0.7613085360723699,-0.5475827
15.15,78.65,2019-06-01,-0.4105352233004224,0.02026119
15.15,78.65,2019-08-01,-0.1778170272584747,0.20454517
15.15,78.65,2019-09-01,0.5255943222263733,1.1774225
15.15,78.65,2019-10-01,0.7574878032966197,1.1721019
15.15,78.65,2019-11-01,0.645728046418677,0.4914375
15.15,78.65,2019-12-01,0.6827878437313378,0.4734421
15.15,78.65,2020-01-01,1.0480313614364745,0.7747193
15.15,78.65,2020-02-01,0.9187821209609428,0.8750434
15.15,78.65,2020-03-01,0.5102949841822748,0.64233196
15.15,78.65,2020-04-01,-0.1207187957133833,-0.6215663
15.15,78.65,2020-06-01,0.3206116400580346,0.37435034
15.15,78.65,2020-07-01,0.8337261809184849,1.0122496
15.15,78.65,2020-09-01,1.4497099012150376,1.4485773
15.15,78.65,2020-10-01,1.2522387178925154,1.0767138
15.15,78.65,2020-11-01,1.6409035984234337,1.3142525
15.15,78.65,2020-12-01,1.3711091655249474,1.2155122
15.15,78.9,2019-01-01,-1.3934702663297611,-1.2212251
15.15,78.9,2019-02-01,-1.44767340369205,-1.3911643
15.15,78.9,2019-03-01,-1.6334298231488689,-1.5193586
15.15,78.9,2019-05-01,-0.6139920838322311,-0.44824305
15.15,78.9,2019-06-01,-0.4020401241349225,0.06993262
15.15,78.9,2019-08-01,-0.2644425333625545,0.044992357
15.15,78.9,2019-09-01,0.6875795014553285,1.0346378
15.15,78.9,2019-10-01,0.9850682688764346,1.2965158
15.15,78.9,2019-11-01,0.7693555122547345,0.74051607
15.15,78.9,2019-12-01,0.8911793643480925,0.7210395
15.15,78.9,2020-01-01,1.2183072439013976,0.81905055
15.15,78.9,2020-02-01,1.1788683582706505,0.96854556
15.15,78.9,2020-03-01,0.7167858939126245,0.6283654
15.15,78.9,2020-04-01,-0.0314251015122454,-0.77950203
15.15,78.9,2020-06-01,0.4763937012352697,0.43437934
15.15,78.9,2020-07-01,0.7875814470810856,0.65294504
15.15,78.9,2020-09-01,1.5997441842209787,1.258448
15.15,78.9,2020-10-01,1.330468391298511,1.1007024
15.15,78.9,2020-11-01,1.6685660503500948,1.3514725
15.15,78.9,2020-12-01,1.4010866264824189,1.2114958
15.15,79.15,2019-01-01,-1.2515274150315094,-1.3300767
15.15,79.15,2019-02-01,-1.344244609571104,-1.2663456
15.15,79.15,2019-03-01,-1.5014922646909663,-1.4116547
15.15,79.15,2019-05-01,-0.5716818722732019,-0.53086567
15.15,79.15,2019-06-01,-0.4808946730148074,-0.18069533
15.15,79.15,2019-07-01,-0.7772196766336947,-0.65407777
15.15,79.15,2019-08-01,-0.413797168113835,-0.4396052
15.15,79.15,2019-09-01,0.5992173960692457,0.38100857
15.15,79.15,2019-10-01,1.0474280621121104,0.9605006
15.15,79.15,2019-11-01,0.7457941047324391,0.32451385
15.15,79.15,2019-12-01,0.9709504943767796,0.350334
15.15,79.15,2020-01-01,1.3127968553102696,0.5572806
15.15,79.15,2020-02-01,1.2764581148943763,0.9691695
15.15,79.15,2020-03-01,0.8761247217174133,0.74121124
15.15,79.15,2020-04-01,0.0560376387483433,-0.6347464
15.15,79.15,2020-06-01,0.6299519125439069,0.32162994
15.15,79.15,2020-07-01,0.7036450936264206,0.39714018
15.15,79.15,2020-09-01,1.5768475831216402,1.1021147
15.15,79.15,2020-10-01,1.3165563056214311,1.0490042
15.15,79.15,2020-11-01,1.641409254344815,1.2659991
15.15,79.15,2020-12-01,1.4711668401836695,1.1119454
15.15,79.4,2019-01-01,-1.00842192946434,-0.95509565
15.15,79.4,2019-02-01,-1.1250459990126962,-0.819384
15.15,79.4,2019-03-01,-1.249978540572009,-1.1518043
15.15,79.4,2019-05-01,-0.3428113053734813,-0.4888295
15.15,79.4,2019-06-01,-0.643223343287763,-0.20194927
15.15,79.4,2019-07-01,-1.0215604199173187,-0.7010329
15.15,79.4,2019-08-01,-0.597931954545411,-0.42236057
15.15,79.4,2019-09-01,0.3253374821981324,0.38560557
15.15,79.4,2019-10-01,0.9413430260603608,1.1048942
15.15,79.4,2019-11-01,0.630527274577641,0.36306125
15.15,79.4,2019-12-01,0.9155559018501568,0.556423
15.15,79.4,2020-01-01,1.3165380194498426,0.7728303
15.15,79.4,2020-02-01,1.2515092346682963,1.0076656
15.15,79.4,2020-03-01,0.9196143631006348,0.87503076
15.15,79.4,2020-04-01,0.0837139747158485,-0.58288085
15.15,79.4,2020-06-01,0.4812403307988831,0.048903115
15.15,79.4,2020-07-01,0.5405540543577152,0.46077096
15.15,79.4,2020-09-01,1.4792057990325471,1.2525744
15.15,79.4,2020-10-01,1.3011045172382332,1.2732352
15.15,79.4,2020-11-01,1.6223014880136075,1.4884349
15.15,79.4,2020-12-01,1.576137170024615,1.2998339
15.4,76.9,2019-01-01,-1.1732210127310865,-1.2128477
15.4,76.9,2019-02-01,-1.4393973504540387,-1.2856508
15.4,76.9,2019-03-01,-1.3831482497860932,-1.0936508
15.4,76.9,2019-05-01,-1.4427076485473722,-0.6960433
15.4,76.9,2019-06-01,-0.3013881874391489,0.10547038
15.4,76.9,2019-07-01,-0.7318610535865283,-0.68244356
15.4,76.9,2019-08-01,-0.4049845373960639,-0.3463148
15.4,76.9,2019-09-01,-0.1335431699311416,-0.24969262
15.4,76.9,2019-10-01,0.6526602115219136,0.19746792
15.4,76.9,2019-11-01,0.6648819308455088,0.027782075
15.4,76.9,2019-12-01,0.6855806958655217,-0.045395188
15.4,76.9,2020-01-01,1.1257581634342206,0.31722564
15.4,76.9,2020-02-01,1.0676330885937466,0.6848097
15.4,76.9,2020-03-01,1.1939751754138062,1.0861487
15.4,76.9,2020-04-01,-0.0826119112149474,-0.9123481
15.4,76.9,2020-06-01,-0.1093511975480925,-0.28991264
15.4,76.9,2020-09-01,1.3052416366309436,0.8610683
15.4,76.9,2020-10-01,1.3422848126802436,0.55033123
15.4,76.9,2020-11-01,1.3570789427963912,0.71476984
15.4,76.9,2020-12-01,1.3543400373754084,0.75868696
15.4,77.15,2019-01-01,-1.0801192336182532,-1.0350447
15.4,77.15,2019-02-01,-1.3108529365969055,-1.136584
15.4,77.15,2019-03-01,-1.2271791002985206,-0.9293497
15.4,77.15,2019-05-01,-1.5161208081761892,-0.4820112
15.4,77.15,2019-06-01,-0.4330317188867745,0.11123411
15.4,77.15,2019-07-01,-1.0746120091679323,-0.5871323
15.4,77.15,2019-08-01,-0.6153113410490731,-0.15367427
15.4,77.15,2019-09-01,-0.0978898593849222,0.27734494
15.4,77.15,2019-10-01,0.753228871692019,0.69925535
15.4,77.15,2019-11-01,0.7711720540794391,0.5121853
15.4,77.15,2019-12-01,0.8031226385412534,0.50276715
15.4,77.15,2020-01-01,1.2376352406875628,0.76160526
15.4,77.15,2020-02-01,1.1789094518731589,1.1375089
15.4,77.15,2020-03-01,1.267491297299065,1.2717918
15.4,77.15,2020-04-01,-0.0392831174626529,-0.5161416
15.4,77.15,2020-06-01,0.0228930391346034,-0.292725
15.4,77.15,2020-07-01,1.336156711931981,0.689263
15.4,77.15,2020-09-01,1.5169795503972905,1.1258699
15.4,77.15,2020-10-01,1.475760785050507,1.0629239
15.4,77.15,2020-11-01,1.4889845168713218,1.101417
15.4,77.15,2020-12-01,1.4183241760457743,1.1548792
15.4,77.4,2019-01-01,-1.0681348802453698,-0.9850929
15.4,77.4,2019-02-01,-1.307872966109644,-1.1390502
15.4,77.4,2019-03-01,-1.3485500832851234,-1.1255413
15.4,77.4,2019-05-01,-1.5798673269933514,-0.5371518
15.4,77.4,2019-06-01,-0.4418840057413263,0.21485639
15.4,77.4,2019-07-01,-1.0713940839561384,-0.46123263
15.4,77.4,2019-08-01,-0.4269506667662929,0.100510225
15.4,77.4,2019-09-01,0.047685402700035,0.5901159
15.4,77.4,2019-10-01,0.706892206448012,0.82692623
15.4,77.4,2019-11-01,0.739777664364789,0.54710126
15.4,77.4,2019-12-01,0.7899605348948441,0.5216695
15.4,77.4,2020-01-01,1.2357621883196264,0.7701796
15.4,77.4,2020-02-01,1.140136957682412,1.0045449
15.4,77.4,2020-03-01,1.218164527287151,1.085972
15.4,77.4,2020-04-01,0.2188144267319873,-0.38348073
15.4,77.4,2020-06-01,0.1008221037040389,-0.049511924
15.4,77.4,2020-07-01,1.3333649459089747,0.9438643
15.4,77.4,2020-09-01,1.532379490465461,1.2470573
15.4,77.4,2020-10-01,1.552401723118144,1.2637913
15.4,77.4,2020-11-01,1.6070410741287402,1.3023206
15.4,77.4,2020-12-01,1.526899398814891,1.3199055
15.4,77.65,2019-01-01,-1.0800361742264823,-1.101597
15.4,77.65,2019-02-01,-1.2833162737984063,-1.22612
15.4,77.65,2019-03-01,-1.4400433828488817,-1.2284993
15.4,77.65,2019-05-01,-1.4806176793740196,-0.6331721
15.4,77.65,2019-06-01,-0.350468606053075,0.25099573
15.4,77.65,2019-07-01,-1.019475325668317,-0.49452442
15.4,77.65,2019-08-01,-0.3600142070811552,0.035412855
15.4,77.65,2019-09-01,0.0893246097380739,0.4921351
15.4,77.65,2019-10-01,0.6370982650269735,0.7084949
15.4,77.65,2019-11-01,0.6629463900608581,0.4181779
15.4,77.65,2019-12-01,0.7044316292970162,0.3639842
15.4,77.65,2020-01-01,1.1716837803117874,0.72825
15.4,77.65,2020-02-01,1.0728324372153688,1.0880228
15.4,77.65,2020-03-01,1.083599385629272,1.2048086
15.4,77.65,2020-04-01,0.2916275818146115,-0.36315978
15.4,77.65,2020-06-01,0.1425555437265945,-0.15939406
15.4,77.65,2020-07-01,1.269314221742751,0.8318613
15.4,77.65,2020-09-01,1.5880765706552746,1.25257
15.4,77.65,2020-10-01,1.6451188840327535,1.3527497
15.4,77.65,2020-11-01,1.706434978732678,1.4428579
15.4,77.65,2020-12-01,1.6166380973868173,1.4159856
15.4,77.9,2019-01-01,-1.1202278406405113,-1.0144423
15.4,77.9,2019-02-01,-1.2758859161592273,-1.1648308
15.4,77.9,2019-03-01,-1.4315193085313864,-1.214294
15.4,77.9,2019-05-01,-1.153374202383821,-0.51632035
15.4,77.9,2019-06-01,-0.067288088420224,0.51679415
15.4,77.9,2019-07-01,-0.8719634250263321,-0.43780723
15.4,77.9,2019-08-01,-0.2639833249800525,0.12065498
15.4,77.9,2019-09-01,0.2155660507530887,0.9157258
15.4,77.9,2019-10-01,0.643881223293741,0.905322
15.4,77.9,2019-11-01,0.6545457717824009,0.5758106
15.4,77.9,2019-12-01,0.6234498412575612,0.47235084
15.4,77.9,2020-01-01,1.0832593635461167,0.84224844
15.4,77.9,2020-02-01,0.9934496294000404,1.1126903
15.4,77.9,2020-03-01,0.9337194654567398,1.1383787
15.4,77.9,2020-04-01,0.0913909182745765,-0.53994215
15.4,77.9,2020-06-01,0.0557043874872356,-0.20037818
15.4,77.9,2020-07-01,1.1177871835962063,0.88569
15.4,77.9,2020-09-01,1.4807676132510998,1.3298631
15.4,77.9,2020-10-01,1.590772448814314,1.4377363
15.4,77.9,2020-11-01,1.6886775389016202,1.5356644
15.4,77.9,2020-12-01,1.594936231434028,1.497307
15.4,78.15,2019-01-01,-1.0552364543978998,-0.85886014
15.4,78.15,2019-02-01,-1.1836778310945488,-1.082559
15.4,78.15,2019-03-01,-1.245595942258567,-1.1343191
15.4,78.15,2019-05-01,-0.6243369763328135,-0.23557353
15.4,78.15,2019-06-01,0.1295309559177191,0.75213385
15.4,78.15,2019-07-01,-0.8559793957071061,-0.19408932
15.4,78.15,2019-08-01,-0.1295321680792309,0.5973687
15.4,78.15,2019-09-01,0.264952340273049,1.1189482
15.4,78.15,2019-10-01,0.5128925534883759,0.9862398
15.4,78.15,2019-11-01,0.5303733916571339,0.71824676
15.4,78.15,2019-12-01,0.4333423224709916,0.6184437
15.4,78.15,2020-01-01,0.8976068489454466,0.94567835
15.4,78.15,2020-02-01,0.7369628429965842,1.0369414
15.4,78.15,2020-03-01,0.5312892652285631,0.8304468
15.4,78.15,2020-04-01,-0.2553063853915351,-0.8327391
15.4,78.15,2020-06-01,-0.0685893762621699,0.022507004
15.4,78.15,2020-07-01,0.9071338548256774,1.2086531
15.4,78.15,2020-09-01,1.2871690872894128,1.5510111
15.4,78.15,2020-10-01,1.405730803288222,1.4883722
15.4,78.15,2020-11-01,1.6111840062416798,1.5222162
15.4,78.15,2020-12-01,1.4826283400168905,1.4823476
15.4,78.4,2019-01-01,-0.8655102121294354,-0.8004503
15.4,78.4,2019-02-01,-1.028229727634085,-1.0550611
15.4,78.4,2019-03-01,-1.013798040669636,-1.0540218
15.4,78.4,2019-05-01,-0.643066157581568,-0.4593368
15.4,78.4,2019-06-01,-0.0994544406133501,0.3736157
15.4,78.4,2019-07-01,-0.9821812227271168,-0.4895532
15.4,78.4,2019-09-01,0.3254919168714243,0.85212
15.4,78.4,2019-10-01,0.4625517078082848,0.63245356
15.4,78.4,2019-11-01,0.4677465067588413,0.2022976
15.4,78.4,2019-12-01,0.419629088077288,0.24934724
15.4,78.4,2020-01-01,0.8784618554431953,0.6951868
15.4,78.4,2020-02-01,0.6223626634644034,0.6062949
15.4,78.4,2020-03-01,0.2392793716331413,-0.015278392
15.4,78.4,2020-04-01,-0.3940249715963437,-0.9026516
15.4,78.4,2020-06-01,0.1086256043444146,0.34238297
15.4,78.4,2020-07-01,0.7365289906459768,1.2537943
15.4,78.4,2020-09-01,1.2576252765920048,1.588372
15.4,78.4,2020-10-01,1.2092973527024031,1.2430645
15.4,78.4,2020-11-01,1.563895822853561,1.2993782
15.4,78.4,2020-12-01,1.359767261200062,1.2460234
15.4,78.65,2019-01-01,-0.9248256089950512,-0.92161053
15.4,78.65,2019-02-01,-1.1607032879205634,-1.2483819
15.4,78.65,2019-03-01,-1.3312047646742915,-1.3417735
15.4,78.65,2019-05-01,-0.6899605258660932,-0.736129
15.4,78.65,2019-06-01,-0.3790156788901242,-0.16587657
15.4,78.65,2019-08-01,-0.1265646066908557,0.1237498
15.4,78.65,2019-09-01,0.6766775117002821,1.0376092
15.4,78.65,2019-10-01,0.8887971079230027,1.0079973
15.4,78.65,2019-11-01,0.8190391486795543,0.64566565
15.4,78.65,2019-12-01,0.8390951702300946,0.8112851
15.4,78.65,2020-01-01,1.1820046939201951,1.0569402
15.4,78.65,2020-02-01,1.0253944572011966,1.1538361
15.4,78.65,2020-03-01,0.5104687556646196,0.8124516
15.4,78.65,2020-04-01,-0.2395893564672035,-0.8105595
15.4,78.65,2020-06-01,0.3138614526624312,0.3811038
15.4,78.65,2020-07-01,0.7806219584872616,1.0364565
15.4,78.65,2020-09-01,1.5394585502221578,1.616487
15.4,78.65,2020-10-01,1.418431970653573,1.4100204
15.4,78.65,2020-11-01,1.7865817565260351,1.6461476
15.4,78.65,2020-12-01,1.5134673732174533,1.5688696
15.4,78.9,2019-01-01,-1.133669105891219,-0.9662278
15.4,78.9,2019-02-01,-1.3366897016395074,-1.3020165
15.4,78.9,2019-03-01,-1.5702396669906604,-1.5530797
15.4,78.9,2019-05-01,-0.5311687304922376,-0.48959297
15.4,78.9,2019-06-01,-0.3711552139614283,-0.00072452426
15.4,78.9,2019-08-01,-0.2147582547794053,0.017388828
15.4,78.9,2019-09-01,0.8673563514680296,1.1348534
15.4,78.9,2019-10-01,1.10833958373243,1.2776705
15.4,78.9,2019-11-01,0.9324055075487476,0.77835643
15.4,78.9,2019-12-01,1.0471513915463238,0.89795566
15.4,78.9,2020-01-01,1.3579198931688448,1.0180094
15.4,78.9,2020-02-01,1.2732559654047777,1.1784104
15.4,78.9,2020-03-01,0.6968005289074517,0.7566661
15.4,78.9,2020-04-01,-0.131919410934993,-0.9005107
15.4,78.9,2020-06-01,0.4383743809080379,0.5162896
15.4,78.9,2020-07-01,0.7013890213253242,0.71642125
15.4,78.9,2020-09-01,1.7068595261737636,1.2314755
15.4,78.9,2020-10-01,1.5326528810862077,1.2087795
15.4,78.9,2020-11-01,1.847114793021109,1.5217743
15.4,78.9,2020-12-01,1.5934897927020455,1.3678471
15.4,79.15,2019-01-01,-1.0432492491439735,-1.1382711
15.4,79.15,2019-02-01,-1.341981603160454,-1.3848096
15.4,79.15,2019-03-01,-1.5484281703253158,-1.512482
15.4,79.15,2019-05-01,-0.4923566602918657,-0.39711547
15.4,79.15,2019-06-01,-0.4426655084029608,-0.10671837
15.4,79.15,2019-07-01,-0.6742044379226154,-0.5049056
15.4,79.15,2019-08-01,-0.1775739239221658,-0.18624589
15.4,79.15,2019-09-01,0.7856913611714111,0.6459864
15.4,79.15,2019-10-01,1.1525674719508974,1.0975108
15.4,79.15,2019-11-01,0.9483026168007472,0.58531976
15.4,79.15,2019-12-01,1.169521061081816,0.7128444
15.4,79.15,2020-01-01,1.5171177739457955,0.88192654
15.4,79.15,2020-02-01,1.428047879241179,1.0337701
15.4,79.15,2020-03-01,0.9487299194401968,0.7218655
15.4,79.15,2020-04-01,0.0190092769623437,-0.9056122
15.4,79.15,2020-06-01,0.5082220580114263,0.07923958
15.4,79.15,2020-07-01,0.590773801180201,0.22032362
15.4,79.15,2020-09-01,1.734240675473123,1.2162418
15.4,79.15,2020-10-01,1.5445541471865147,1.232663
15.4,79.15,2020-11-01,1.794098236454979,1.4158472
15.4,79.15,2020-12-01,1.671280682156744,1.2507687
15.4,79.4,2019-01-01,-0.8349175177951563,-0.8313707
15.4,79.4,2019-02-01,-1.1822133638435466,-1.0283796
15.4,79.4,2019-03-01,-1.3067886417829455,-1.3019524
15.4,79.4,2019-05-01,-0.2312135218918228,-0.39808136
15.4,79.4,2019-06-01,-0.5498061115786599,-0.23296073
15.4,79.4,2019-07-01,-0.8688164330591447,-0.70055443
15.4,79.4,2019-08-01,-0.299275751529437,-0.2561584
15.4,79.4,2019-09-01,0.5580830249863448,0.73301834
15.4,79.4,2019-10-01,1.066713154094672,1.3195925
15.4,79.4,2019-11-01,0.8549245027880493,0.71599334
15.4,79.4,2019-12-01,1.1368192170721954,0.81936467
15.4,79.4,2020-01-01,1.542700735911997,0.96518046
15.4,79.4,2020-02-01,1.4291942509695366,1.1016804
15.4,79.4,2020-03-01,1.029975555460121,0.93623525
15.4,79.4,2020-04-01,0.1015407540119576,-0.7398299
15.4,79.4,2020-06-01,0.4218755166550124,-0.15437436
15.4,79.4,2020-07-01,0.5084366462680584,0.26998103
15.4,79.4,2020-09-01,1.664876609500893,1.3080252
15.4,79.4,2020-10-01,1.5362137768694328,1.4780781
15.4,79.4,2020-11-01,1.7804942471795169,1.6492803
15.4,79.4,2020-12-01,1.757394510603229,1.4749762
15.65,76.9,2019-01-01,-1.100981695924387,-1.0731717
15.65,76.9,2019-02-01,-1.4828738022766768,-1.2703199
15.65,76.9,2019-03-01,-1.352823010041149,-1.1736274
15.65,76.9,2019-05-01,-1.599523418092292,-0.6476228
15.65,76.9,2019-06-01,-0.3593635216587264,0.1428236
15.65,76.9,2019-07-01,-0.6344409831020696,-0.671736
15.65,76.9,2019-08-01,-0.2542633882562379,-0.39643782
15.65,76.9,2019-09-01,-0.0486165114359309,-0.23748702
15.65,76.9,2019-10-01,0.5923656129541962,0.14797834
15.65,76.9,2019-11-01,0.6475333227915363,0.06318129
15.65,76.9,2019-12-01,0.695949483649495,0.07247573
15.65,76.9,2020-01-01,1.1463903378829396,0.2828704
15.65,76.9,2020-02-01,1.0045656051866052,0.55563897
15.65,76.9,2020-03-01,1.1624757994972896,0.80173194
15.65,76.9,2020-04-01,0.1565105571005927,-0.8136355
15.65,76.9,2020-06-01,0.0041385368910045,-0.05025
15.65,76.9,2020-09-01,1.3480764996428638,1.0975224
15.65,76.9,2020-10-01,1.3748756055753004,1.0014925
15.65,76.9,2020-11-01,1.3983749725254355,1.072804
15.65,76.9,2020-12-01,1.4316189247788724,1.0557318
15.65,77.15,2019-01-01,-1.003871643891615,-0.9096438
15.65,77.15,2019-02-01,-1.3547987288336785,-1.1816568
15.65,77.15,2019-03-01,-1.2222061934450157,-1.0264943
15.65,77.15,2019-05-01,-1.6563708727092863,-0.5712702
15.65,77.15,2019-06-01,-0.4937956825106852,0.045607295
15.65,77.15,2019-07-01,-0.9420990392595648,-0.70375705
15.65,77.15,2019-08-01,-0.4439062640153063,-0.30729532
15.65,77.15,2019-09-01,-0.0342757308686026,0.136806
15.65,77.15,2019-10-01,0.6604148582566326,0.5637664
15.65,77.15,2019-11-01,0.7285670422685232,0.5263829
15.65,77.15,2019-12-01,0.8008443855712276,0.5216167
15.65,77.15,2020-01-01,1.2439494357554586,0.7163068
15.65,77.15,2020-02-01,1.1085296320994948,0.98092294
15.65,77.15,2020-03-01,1.2471327765617946,1.025356
15.65,77.15,2020-04-01,0.200784136902561,-0.60178876
15.65,77.15,2020-06-01,0.1394461886279856,-0.14341149
15.65,77.15,2020-07-01,1.2811797979486803,0.8757019
15.65,77.15,2020-09-01,1.52436286193069,1.225942
15.65,77.15,2020-10-01,1.4854299547790055,1.1960849
15.65,77.15,2020-11-01,1.5178280008862033,1.2418574
15.65,77.15,2020-12-01,1.4991984373239888,1.2548226
15.65,77.4,2019-01-01,-0.9976989023236396,-0.84678096
15.65,77.4,2019-02-01,-1.4283140067247355,-1.2651224
15.65,77.4,2019-03-01,-1.2835429577180548,-1.0859538
15.65,77.4,2019-05-01,-1.71057413321427,-0.6566506
15.65,77.4,2019-06-01,-0.6113547005796571,-0.11336506
15.65,77.4,2019-07-01,-1.1833512705807685,-0.8538829
15.65,77.4,2019-08-01,-0.6980064028355429,-0.36467844
15.65,77.4,2019-09-01,-0.0580039286403895,0.30642283
15.65,77.4,2019-10-01,0.6192948617352209,0.68065494
15.65,77.4,2019-11-01,0.6927251593683513,0.5381717
15.65,77.4,2019-12-01,0.777103756558913,0.5876511
15.65,77.4,2020-01-01,1.253106465133411,0.8042929
15.65,77.4,2020-02-01,1.1005967139165618,1.0499415
15.65,77.4,2020-03-01,1.1548791699529293,1.025392
15.65,77.4,2020-04-01,0.1536028851881149,-0.47426507
15.65,77.4,2020-06-01,0.2247947993017611,0.012309454
15.65,77.4,2020-07-01,1.3171940665734465,1.0221019
15.65,77.4,2020-09-01,1.7403137362598529,1.4201936
15.65,77.4,2020-10-01,1.5920231424818372,1.3510225
15.65,77.4,2020-11-01,1.6525599036236382,1.3774198
15.65,77.4,2020-12-01,1.584691535950741,1.3974184
15.65,77.65,2019-01-01,-1.02433739372488,-0.90216076
15.65,77.65,2019-02-01,-1.426417935257386,-1.3011922
15.65,77.65,2019-03-01,-1.401770165688347,-1.2215562
15.65,77.65,2019-05-01,-1.590890881014189,-0.7117073
15.65,77.65,2019-06-01,-0.511620704639888,0.053902313
15.65,77.65,2019-07-01,-1.1390777910585523,-0.7684644
15.65,77.65,2019-08-01,-0.6476295798178455,-0.2844778
15.65,77.65,2019-09-01,-0.0188548995304337,0.37416846
15.65,77.65,2019-10-01,0.5537732439651202,0.64501137
15.65,77.65,2019-11-01,0.6211887489330372,0.4477923
15.65,77.65,2019-12-01,0.6974093623183606,0.44818133
15.65,77.65,2020-01-01,1.2105140910211716,0.7532085
15.65,77.65,2020-02-01,1.048149860146322,1.0416179
15.65,77.65,2020-03-01,1.0359769506811531,1.0489225
15.65,77.65,2020-04-01,0.2170646552844843,-0.4756583
15.65,77.65,2020-06-01,0.2631646451963828,-0.02414371
15.65,77.65,2020-07-01,1.261905058580958,0.96147406
15.65,77.65,2020-09-01,1.7887077220116183,1.4178659
15.65,77.65,2020-10-01,1.694539251654017,1.4211118
15.65,77.65,2020-11-01,1.768095962107428,1.4940722
15.65,77.65,2020-12-01,1.6859998492903108,1.4916683
15.65,77.9,2019-01-01,-0.9519258757487822,-1.0199142
15.65,77.9,2019-02-01,-1.312073011916684,-1.2667115
15.65,77.9,2019-03-01,-1.3507874296436255,-1.1721164
15.65,77.9,2019-05-01,-1.253315438214082,-0.6641099
15.65,77.9,2019-06-01,-0.2610672759759606,0.025743663
15.65,77.9,2019-07-01,-1.041109347561464,-1.0171018
15.65,77.9,2019-08-01,-0.5280957272608079,-0.4799415
15.65,77.9,2019-09-01,0.0572239403921198,0.13262591
15.65,77.9,2019-10-01,0.518158346135637,0.47690475
15.65,77.9,2019-11-01,0.5584568165862372,0.26199585
15.65,77.9,2019-12-01,0.580627580645822,0.24923092
15.65,77.9,2020-01-01,1.08625445465884,0.6883903
15.65,77.9,2020-02-01,0.9447018525666944,0.97928107
15.65,77.9,2020-03-01,0.842633289532589,0.9783755
15.65,77.9,2020-04-01,0.0092120469655611,-0.54612315
15.65,77.9,2020-06-01,0.2889218759415139,-0.098144695
15.65,77.9,2020-07-01,1.2874948509526338,1.0272633
15.65,77.9,2020-09-01,1.788721139805865,1.5315303
15.65,77.9,2020-10-01,1.711075554374557,1.5224774
15.65,77.9,2020-11-01,1.7879871501785027,1.5340548
15.65,77.9,2020-12-01,1.6929858999531673,1.4958916
15.65,78.15,2019-01-01,-0.8773091749638735,-0.8327123
15.65,78.15,2019-02-01,-1.210328088773334,-1.1685606
15.65,78.15,2019-03-01,-1.1583091355104334,-1.1102684
15.65,78.15,2019-05-01,-0.6669498274920185,-0.3741548
15.65,78.15,2019-06-01,-0.0402848737893433,0.24518806
15.65,78.15,2019-07-01,-1.000895750693816,-0.7867334
15.65,78.15,2019-08-01,-0.3727464943558387,-0.12762281
15.65,78.15,2019-09-01,0.1108440971242924,0.5995487
15.65,78.15,2019-10-01,0.3836523106473244,0.6107434
15.65,78.15,2019-11-01,0.4237598729517964,0.4495315
15.65,78.15,2019-12-01,0.379835927519272,0.34389186
15.65,78.15,2020-01-01,0.8813960512301662,0.6468535
15.65,78.15,2020-02-01,0.6776914626281613,0.807745
15.65,78.15,2020-03-01,0.4346270053472861,0.41012684
15.65,78.15,2020-04-01,-0.3803328766905031,-0.76983535
15.65,78.15,2020-06-01,0.1347327797769633,0.13480291
15.65,78.15,2020-07-01,1.0924972472408676,1.1056753
15.65,78.15,2020-09-01,1.6225511305639522,1.5744747
15.65,78.15,2020-10-01,1.5498251275686812,1.4913735
15.65,78.15,2020-11-01,1.7203525440007263,1.4946489
15.65,78.15,2020-12-01,1.588122193600232,1.4619436
15.65,78.4,2019-01-01,-0.7521897332983644,-0.6539425
15.65,78.4,2019-02-01,-1.160743831483694,-1.1403644
15.65,78.4,2019-03-01,-1.065658180138254,-1.1178203
15.65,78.4,2019-05-01,-0.6061005014080263,-0.3972516
15.65,78.4,2019-06-01,-0.1125574165651228,0.24519113
15.65,78.4,2019-07-01,-0.8152202721386853,-0.52057534
15.65,78.4,2019-08-01,0.122402648643933,0.66376114
15.65,78.4,2019-09-01,0.4318454974368632,1.2304047
15.65,78.4,2019-10-01,0.5515291982908693,0.98206294
15.65,78.4,2019-11-01,0.6015409404733894,0.816915
15.65,78.4,2019-12-01,0.5554144241994706,0.8253059
15.65,78.4,2020-01-01,0.9837148055887094,0.9108409
15.65,78.4,2020-02-01,0.6197552831263828,0.70947164
15.65,78.4,2020-03-01,0.2871823471382357,-0.03208059
15.65,78.4,2020-04-01,-0.5253153911806699,-1.0934802
15.65,78.4,2020-06-01,0.1872615406011925,0.38465708
15.65,78.4,2020-07-01,0.8675484151823718,1.22182
15.65,78.4,2020-09-01,1.5905269234022914,1.7051765
15.65,78.4,2020-10-01,1.5519979268176485,1.529634
15.65,78.4,2020-11-01,1.7630783965183172,1.5234827
15.65,78.4,2020-12-01,1.5754399861056092,1.4706885
15.65,78.65,2019-01-01,-0.8430389318492245,-0.85845417
15.65,78.65,2019-02-01,-1.3008918020368636,-1.3614379
15.65,78.65,2019-03-01,-1.3798848847254288,-1.4462181
15.65,78.65,2019-05-01,-0.7221929891732827,-0.76904035
15.65,78.65,2019-06-01,-0.4202844923595569,-0.2878862
15.65,78.65,2019-07-01,-0.7544082454092409,-0.5590964
15.65,78.65,2019-08-01,0.1293644518711654,0.4036799
15.65,78.65,2019-09-01,0.7509132365086465,1.2474585
15.65,78.65,2019-10-01,0.9385186195767564,1.1381413
15.65,78.65,2019-11-01,0.9399870784822778,0.90557337
15.65,78.65,2019-12-01,0.9541186316192996,1.0740341
15.65,78.65,2020-01-01,1.288154200938351,1.1843165
15.65,78.65,2020-02-01,1.0230370742993575,1.1759442
15.65,78.65,2020-03-01,0.564586417445341,0.82547796
15.65,78.65,2020-04-01,-0.3189850844028149,-1.0331038
15.65,78.65,2020-06-01,0.3688833690319198,0.52309924
15.65,78.65,2020-07-01,0.8788135100496108,1.1421651
15.65,78.65,2020-09-01,1.789506042150277,1.6691135
15.65,78.65,2020-10-01,1.690392992840651,1.6136745
15.65,78.65,2020-11-01,1.933654687670236,1.8101966
15.65,78.65,2020-12-01,1.6832485014617893,1.7803091
15.65,78.9,2019-01-01,-0.97125203520645,-0.89639896
15.65,78.9,2019-02-01,-1.407522496254598,-1.3831415
15.65,78.9,2019-03-01,-1.576122199761226,-1.6127831
15.65,78.9,2019-05-01,-0.5007346961906527,-0.44168687
15.65,78.9,2019-06-01,-0.4052644533225843,-0.10530516
15.65,78.9,2019-07-01,-0.5788741714021582,-0.42944968
15.65,78.9,2019-08-01,0.0565079933983148,0.0796656
15.65,78.9,2019-09-01,0.9536560982007386,1.0531541
15.65,78.9,2019-10-01,1.1174478480284278,1.0490627
15.65,78.9,2019-11-01,1.014324218060514,0.7269455
15.65,78.9,2019-12-01,1.121325815789823,0.9905111
15.65,78.9,2020-01-01,1.4250997754324592,1.0621915
15.65,78.9,2020-02-01,1.2656113459620095,1.1668662
15.65,78.9,2020-03-01,0.634710117449487,0.7627134
15.65,78.9,2020-04-01,-0.296629262161955,-1.1437577
15.65,78.9,2020-06-01,0.3673735034448243,0.4444101
15.65,78.9,2020-07-01,0.7124495512849145,0.67547596
15.65,78.9,2020-09-01,1.9064081888885227,1.3324678
15.65,78.9,2020-10-01,1.7601537867994992,1.3731205
15.65,78.9,2020-11-01,2.0129955347334576,1.6788276
15.65,78.9,2020-12-01,1.8287939771650288,1.6035458
15.65,79.15,2019-01-01,-0.886086915997287,-0.9106648
15.65,79.15,2019-02-01,-1.4178624532911963,-1.268221
15.65,79.15,2019-03-01,-1.4964934516131931,-1.411942
15.65,79.15,2019-05-01,-0.3424543400485153,-0.14159879
15.65,79.15,2019-06-01,-0.3992571579426706,-0.049704142
15.65,79.15,2019-07-01,-0.5373080350500146,-0.47403234
15.65,79.15,2019-08-01,0.0884199206583297,0.06193976
15.65,79.15,2019-09-01,0.8684879636659015,1.0963423
15.65,79.15,2019-10-01,1.14114218614229,1.2543947
15.65,79.15,2019-11-01,1.0019519424020693,0.7445545
15.65,79.15,2019-12-01,1.2020358834082214,0.89170766
15.65,79.15,2020-01-01,1.573093860933338,1.0184908
15.65,79.15,2020-02-01,1.4152102502360222,1.0305835
15.65,79.15,2020-03-01,0.8755223311439007,0.52214694
15.65,79.15,2020-04-01,-0.1024847044635132,-1.1136944
15.65,79.15,2020-06-01,0.4061307241113491,0.015053809
15.65,79.15,2020-07-01,0.5791191659672608,0.40588075
15.65,79.15,2020-09-01,1.898834234690161,1.578737
15.65,79.15,2020-10-01,1.7576941026320585,1.5278563
15.65,79.15,2020-11-01,1.9728918870101249,1.6313618
15.65,79.15,2020-12-01,1.894093354951637,1.4836973
15.65,79.4,2019-01-01,-0.7633814372879806,-0.7819183
15.65,79.4,2019-02-01,-1.3936760612171089,-1.2324677
15.65,79.4,2019-03-01,-1.279411832304837,-1.3375965
15.65,79.4,2019-05-01,0.0280652927072512,-0.047071464
15.65,79.4,2019-06-01,-0.3301733032011306,0.061703295
15.65,79.4,2019-07-01,-0.6868486148511296,-0.4522119
15.65,79.4,2019-08-01,-0.0346659713953059,0.0920638
15.65,79.4,2019-09-01,0.6666311490750212,1.064232
15.65,79.4,2019-10-01,1.070557087565824,1.4059336
15.65,79.4,2019-11-01,0.9407549374467966,0.878752
15.65,79.4,2019-12-01,1.1805381535489978,0.892335
15.65,79.4,2020-01-01,1.6563009007962592,1.0226375
15.65,79.4,2020-02-01,1.5019608844878465,1.0767425
15.65,79.4,2020-03-01,1.089709845441945,0.8334286
15.65,79.4,2020-04-01,0.1205653754651585,-0.80439556
15.65,79.4,2020-06-01,0.4443760619528958,-0.06707067
15.65,79.4,2020-07-01,0.6044235556955158,0.41026098
15.65,79.4,2020-09-01,1.8565944946969288,1.5385114
15.65,79.4,2020-10-01,1.7303582801456583,1.7679178
15.65,79.4,2020-11-01,1.9454286653925712,1.874974
15.65,79.4,2020-12-01,1.912810431349871,1.7165123
15.9,76.9,2019-01-01,-1.1736359895156174,-1.0658009
15.9,76.9,2019-02-01,-1.5816256272021951,-1.3297514
15.9,76.9,2019-03-01,-1.44993674007821,-1.3197366
15.9,76.9,2019-05-01,-1.417366347393669,-0.6620583
15.9,76.9,2019-06-01,-0.0033552766272162,0.5510813
15.9,76.9,2019-07-01,-0.289055617923665,-0.29045898
15.9,76.9,2019-08-01,-0.0239776658079188,-0.18051058
15.9,76.9,2019-09-01,0.1208921460974034,0.041605927
15.9,76.9,2019-10-01,0.7332161439237804,0.43119425
15.9,76.9,2019-11-01,0.7963878874654597,0.33685106
15.9,76.9,2019-12-01,0.760890925991386,0.124458045
15.9,76.9,2020-01-01,1.2077173934889829,0.39021242
15.9,76.9,2020-02-01,1.073968577896655,0.7116573
15.9,76.9,2020-03-01,1.1949344825946246,0.87184405
15.9,76.9,2020-04-01,0.1953788049549598,-0.8832358
15.9,76.9,2020-06-01,-0.0521871000773325,-0.20789307
15.9,76.9,2020-09-01,1.510098444930207,1.2275203
15.9,76.9,2020-10-01,1.542669514345168,1.2363819
15.9,76.9,2020-11-01,1.556256149220724,1.3235906
15.9,76.9,2020-12-01,1.6235893241078492,1.3291469
15.9,77.15,2019-01-01,-1.0176518765103313,-0.7988752
15.9,77.15,2019-02-01,-1.5859795686198637,-1.3034937
15.9,77.15,2019-03-01,-1.3916179460717597,-1.2224673
15.9,77.15,2019-05-01,-1.4955765890522852,-0.507869
15.9,77.15,2019-06-01,-0.5930429800440655,0.053103033
15.9,77.15,2019-07-01,-0.8432931479111715,-0.7813849
15.9,77.15,2019-08-01,-0.391463084104749,-0.36202082
15.9,77.15,2019-09-01,-0.0653078720469003,0.113197125
15.9,77.15,2019-10-01,0.513185447771235,0.43839076
15.9,77.15,2019-11-01,0.6240349282072374,0.36500832
15.9,77.15,2019-12-01,0.7387723933978917,0.3967592
15.9,77.15,2020-01-01,1.2318876638247471,0.59318495
15.9,77.15,2020-02-01,1.0249029308259032,0.8496945
15.9,77.15,2020-03-01,1.1305659612363417,0.882269
15.9,77.15,2020-04-01,0.2353166845392519,-0.7794785
15.9,77.15,2020-06-01,0.1408252578729956,-0.04224146
15.9,77.15,2020-07-01,1.2448589113839357,0.9959747
15.9,77.15,2020-09-01,1.59000042199526,1.4535373
15.9,77.15,2020-10-01,1.622488375459958,1.5164647
15.9,77.15,2020-11-01,1.6676922728579626,1.5283514
15.9,77.15,2020-12-01,1.7096105680714109,1.5536531
15.9,77.4,2019-01-01,-1.0190384776174009,-0.72188455
15.9,77.4,2019-02-01,-1.6670078056039548,-1.4250846
15.9,77.4,2019-03-01,-1.4602332727775218,-1.3031539
15.9,77.4,2019-05-01,-1.5934816786568635,-0.57805306
15.9,77.4,2019-06-01,-0.7240377261935608,-0.02741652
15.9,77.4,2019-07-01,-1.0752526585584905,-0.8066013
15.9,77.4,2019-08-01,-0.6299695262431421,-0.30213857
15.9,77.4,2019-09-01,-0.098344057657329,0.28764853
15.9,77.4,2019-10-01,0.4628437730067066,0.48274437
15.9,77.4,2019-11-01,0.5770441181200828,0.31189123
15.9,77.4,2019-12-01,0.7176651836983821,0.40778887
15.9,77.4,2020-01-01,1.2470734270173662,0.5927037
15.9,77.4,2020-02-01,1.019258931249042,0.9076243
15.9,77.4,2020-03-01,1.0362606314697091,0.8277149
15.9,77.4,2020-04-01,0.1840340040796563,-0.77095747
15.9,77.4,2020-06-01,0.2295652987768049,0.05212213
15.9,77.4,2020-07-01,1.2766650685157208,1.1007392
15.9,77.4,2020-09-01,1.7858325888825368,1.6229932
15.9,77.4,2020-10-01,1.7102606152143056,1.631199
15.9,77.4,2020-11-01,1.7838858478821138,1.6452509
15.9,77.4,2020-12-01,1.7820309497861095,1.6721762
15.9,77.65,2019-01-01,-1.0156894018236489,-0.7557641
15.9,77.65,2019-02-01,-1.7185768420434706,-1.5674417
15.9,77.65,2019-03-01,-1.6131127475845544,-1.4561503
15.9,77.65,2019-05-01,-1.6057414021592131,-0.6720369
15.9,77.65,2019-06-01,-0.6409255398411237,-0.20176834
15.9,77.65,2019-07-01,-1.0703238436112543,-0.9456681
15.9,77.65,2019-08-01,-0.6256356678401992,-0.40765905
15.9,77.65,2019-09-01,0.0134162991369028,0.27091068
15.9,77.65,2019-10-01,0.4041150925781413,0.2652093
15.9,77.65,2019-11-01,0.5092009085678301,0.15401399
15.9,77.65,2019-12-01,0.6219400403237303,0.26254618
15.9,77.65,2020-01-01,1.1562181313560398,0.48336542
15.9,77.65,2020-02-01,0.9196664662251196,0.74018455
15.9,77.65,2020-03-01,0.7836781868261528,0.5416476
15.9,77.65,2020-04-01,0.1816479613435317,-0.8383593
15.9,77.65,2020-06-01,0.3051963365695984,0.11963016
15.9,77.65,2020-07-01,1.249415096814608,1.1596514
15.9,77.65,2020-09-01,1.9139076099554544,1.7027632
15.9,77.65,2020-10-01,1.7305703339049805,1.6302245
15.9,77.65,2020-11-01,1.8178000619788484,1.6583483
15.9,77.65,2020-12-01,1.7970215804816558,1.6625596
15.9,77.9,2019-01-01,-0.9511540562722892,-0.76871395
15.9,77.9,2019-02-01,-1.6054417957674476,-1.4867684
15.9,77.9,2019-03-01,-1.5741732258014565,-1.4067591
15.9,77.9,2019-05-01,-1.1915738359703498,-0.6189401
15.9,77.9,2019-06-01,-0.3759894383316848,-0.18204811
15.9,77.9,2019-07-01,-0.9963240697127304,-1.1026106
15.9,77.9,2019-08-01,-0.5399913911763676,-0.6273018
15.9,77.9,2019-09-01,0.0900735003962429,-0.0060242265
15.9,77.9,2019-10-01,0.3827845024045798,0.0831711
15.9,77.9,2019-11-01,0.4612642388051344,0.008898459
15.9,77.9,2019-12-01,0.512883157287516,0.03250902
15.9,77.9,2020-01-01,1.0396710662701278,0.37936532
15.9,77.9,2020-02-01,0.8217711439478064,0.6113535
15.9,77.9,2020-03-01,0.5899677235862827,0.16111675
15.9,77.9,2020-04-01,-0.0598805251782351,-0.88021016
15.9,77.9,2020-06-01,0.3195767742115964,0.13823935
15.9,77.9,2020-07-01,1.3049008552041983,1.2632308
15.9,77.9,2020-09-01,1.9290030406664755,1.7776487
15.9,77.9,2020-10-01,1.7673228495985025,1.6906356
15.9,77.9,2020-11-01,1.862295412175136,1.6757499
15.9,77.9,2020-12-01,1.8216392434560105,1.6779443
15.9,78.15,2019-01-01,-0.8056501056334419,-0.8311223
15.9,78.15,2019-02-01,-1.4179913971673326,-1.2891906
15.9,78.15,2019-03-01,-1.3741434104994847,-1.207741
15.9,78.15,2019-05-01,-0.8927693439003375,-0.5128364
15.9,78.15,2019-06-01,-0.2855892055329833,-0.30197456
15.9,78.15,2019-07-01,-0.9043736528242714,-1.1218759
15.9,78.15,2019-08-01,-0.2577107098656099,-0.43373716
15.9,78.15,2019-09-01,0.227996604492652,0.2119337
15.9,78.15,2019-10-01,0.4248573307009722,0.3384989
15.9,78.15,2019-11-01,0.4989050513105697,0.31166106
15.9,78.15,2019-12-01,0.5247660820317335,0.4206434
15.9,78.15,2020-01-01,0.9749547503673,0.6895646
15.9,78.15,2020-02-01,0.6957234828939606,0.739068
15.9,78.15,2020-03-01,0.4445419529011107,0.17137814
15.9,78.15,2020-04-01,-0.2697998948775666,-0.94320154
15.9,78.15,2020-06-01,0.3312147410945693,0.10824314
15.9,78.15,2020-07-01,1.3356086110505638,1.3071308
15.9,78.15,2020-09-01,1.986000902460624,1.9065558
15.9,78.15,2020-10-01,1.8438099118851807,1.8299451
15.9,78.15,2020-11-01,1.9606559133516048,1.7627434
15.9,78.15,2020-12-01,1.8841609912905903,1.7112566
15.9,78.4,2019-01-01,-0.6752112431443043,-0.73769933
15.9,78.4,2019-02-01,-1.3768932172061463,-1.2936347
15.9,78.4,2019-03-01,-1.2920189623114733,-1.262355
15.9,78.4,2019-05-01,-0.8293442970450318,-0.49354732
15.9,78.4,2019-06-01,-0.3569577137265988,-0.29312322
15.9,78.4,2019-07-01,-0.7282605679510132,-0.8153155
15.9,78.4,2019-08-01,0.2072823187721076,0.17961672
15.9,78.4,2019-09-01,0.5147096410197418,0.8712034
15.9,78.4,2019-10-01,0.584465568273906,0.68292534
15.9,78.4,2019-11-01,0.6726043735620219,0.6094711
15.9,78.4,2019-12-01,0.6944141049668948,0.7465677
15.9,78.4,2020-01-01,1.0822343801133705,0.8487582
15.9,78.4,2020-02-01,0.6421469425716789,0.7547403
15.9,78.4,2020-03-01,0.3034681008669093,-0.18513271
15.9,78.4,2020-04-01,-0.4233735710485291,-1.277952
15.9,78.4,2020-06-01,0.4109823918909404,0.36043796
15.9,78.4,2020-07-01,1.1190031797393485,1.2666008
15.9,78.4,2020-09-01,1.9562638942418564,1.9727248
15.9,78.4,2020-10-01,1.8724683900555648,1.8542125
15.9,78.4,2020-11-01,2.0222849984030984,1.8027245
15.9,78.4,2020-12-01,1.879880344476472,1.7328044
15.9,78.65,2019-01-01,-0.8008473681398528,-0.7058748
15.9,78.65,2019-02-01,-1.4267874453552964,-1.3161125
15.9,78.65,2019-03-01,-1.4661210133219618,-1.4627695
15.9,78.65,2019-05-01,-0.7522002415770115,-0.5179793
15.9,78.65,2019-06-01,-0.4480412121346132,-0.04223632
15.9,78.65,2019-07-01,-0.6284259512856841,-0.3471244
15.9,78.65,2019-08-01,0.3951548787259816,0.92468244
15.9,78.65,2019-09-01,0.7633998649417012,1.4415404
15.9,78.65,2019-10-01,0.9114521044375664,1.307259
15.9,78.65,2019-11-01,0.9680685575252572,1.135199
15.9,78.65,2019-12-01,1.0072398329455796,1.322054
15.9,78.65,2020-01-01,1.3798195537978484,1.3622185
15.9,78.65,2020-02-01,0.9827095685254608,1.2853653
15.9,78.65,2020-03-01,0.6679838531727155,0.85803694
15.9,78.65,2020-04-01,-0.3353731839016174,-1.187925
15.9,78.65,2020-06-01,0.481653672959591,0.57257223
15.9,78.65,2020-07-01,0.9238216066491732,1.1433377
15.9,78.65,2020-09-01,1.99945865240612,1.8429171
15.9,78.65,2020-10-01,1.8740436029518548,1.9206537
15.9,78.65,2020-11-01,2.023055092820844,2.0963774
15.9,78.65,2020-12-01,1.8660351547699807,2.0512435
15.9,78.9,2019-01-01,-0.9410591308295536,-0.7817795
15.9,78.9,2019-02-01,-1.542663800295362,-1.376903
15.9,78.9,2019-03-01,-1.634824416684613,-1.6557318
15.9,78.9,2019-05-01,-0.4420226389770064,-0.27992475
15.9,78.9,2019-06-01,-0.4002457897959303,-0.037695445
15.9,78.9,2019-07-01,-0.4975322144069987,-0.35754475
15.9,78.9,2019-08-01,0.3157337596500739,0.47749615
15.9,78.9,2019-09-01,0.9205530387276868,1.1751639
15.9,78.9,2019-10-01,1.060380258023453,1.1500508
15.9,78.9,2019-11-01,1.041932150075065,0.7750598
15.9,78.9,2019-12-01,1.149989721220559,1.0494162
15.9,78.9,2020-01-01,1.5175274548179332,1.0979692
15.9,78.9,2020-02-01,1.2424588489157964,1.05418
15.9,78.9,2020-03-01,0.741858811733768,0.86339957
15.9,78.9,2020-04-01,-0.2793107464910231,-1.2189776
15.9,78.9,2020-06-01,0.4506879020811905,0.41248167
15.9,78.9,2020-07-01,0.7662240533924208,0.7239946
15.9,78.9,2020-09-01,2.098878247911591,1.5819069
15.9,78.9,2020-10-01,1.9126133493857664,1.7158071
15.9,78.9,2020-11-01,2.103106469294903,1.980653
15.9,78.9,2020-12-01,1.991523379853111,1.9166949
15.9,79.15,2019-01-01,-0.8532588205741344,-0.69783217
15.9,79.15,2019-02-01,-1.4375828135063342,-1.3038882
15.9,79.15,2019-03-01,-1.3156171562782737,-1.4413277
15.9,79.15,2019-05-01,0.1258313397331232,0.1626583
15.9,79.15,2019-06-01,-0.145171908185084,0.20329317
15.9,79.15,2019-07-01,-0.5465705191127959,-0.5503885
15.9,79.15,2019-08-01,0.0311324657834767,0.08846793
15.9,79.15,2019-09-01,0.7158132574545771,1.2350537
15.9,79.15,2019-10-01,0.9769783671524704,1.3045553
15.9,79.15,2019-11-01,0.8666057358700907,0.74688375
15.9,79.15,2019-12-01,1.0464361738162014,0.8653326
15.9,79.15,2020-01-01,1.5061155462442792,1.0151771
15.9,79.15,2020-02-01,1.320970970985209,1.0431666
15.9,79.15,2020-03-01,0.859807588731869,0.64332783
15.9,79.15,2020-04-01,-0.0752596616736788,-1.184984
15.9,79.15,2020-06-01,0.299022301247153,-0.0673374
15.9,79.15,2020-07-01,0.5747401422594703,0.3687954
15.9,79.15,2020-09-01,2.0336088644636163,1.7145467
15.9,79.15,2020-10-01,1.8441231686792765,1.7443644
15.9,79.15,2020-11-01,2.0614413235276507,1.8985585
15.9,79.15,2020-12-01,2.059327841809398,1.8104514
15.9,79.4,2019-01-01,-0.7270470156350781,-0.49609804
15.9,79.4,2019-02-01,-1.3885565172118028,-1.1659657
15.9,79.4,2019-03-01,-1.0835625173468768,-1.2206775
15.9,79.4,2019-05-01,0.3674217300407528,0.32513088
15.9,79.4,2019-06-01,-0.0996598502856554,0.3057721
15.9,79.4,2019-07-01,-0.7008020285372285,-0.46797812
15.9,79.4,2019-08-01,-0.0932163456833553,0.20347285
15.9,79.4,2019-09-01,0.5222968858866825,1.3136048
15.9,79.4,2019-10-01,0.931206880386224,1.5953419
15.9,79.4,2019-11-01,0.83048830632542,0.9669676
15.9,79.4,2019-12-01,1.0412275102592694,0.9586823
15.9,79.4,2020-01-01,1.5874120027848178,1.1021323
15.9,79.4,2020-02-01,1.4111773568186805,1.112655
15.9,79.4,2020-03-01,1.079906540966482,0.88430864
15.9,79.4,2020-04-01,0.1087113762430208,-0.8638182
15.9,79.4,2020-06-01,0.3244556281201772,-0.15234903
15.9,79.4,2020-07-01,0.5799037009428905,0.50472134
15.9,79.4,2020-09-01,1.967370534104072,1.9011585
15.9,79.4,2020-10-01,1.8020706953031949,2.0562375
15.9,79.4,2020-11-01,2.0344787816318304,2.138639
15.9,79.4,2020-12-01,2.056672112793969,2.011552
16.15,76.9,2019-01-01,-1.2628530784541867,-1.1023283
16.15,76.9,2019-02-01,-1.7776774930807802,-1.445818
16.15,76.9,2019-03-01,-1.5165334871176732,-1.3109516
16.15,76.9,2019-05-01,-1.392817268434779,-0.60122454
16.15,76.9,2019-06-01,-0.096612831917371,0.61239624
16.15,76.9,2019-07-01,-0.2521206361155009,-0.124811105
16.15,76.9,2019-08-01,-0.0751384072831196,-0.17104721
16.15,76.9,2019-09-01,0.1768776740675036,0.13054708
16.15,76.9,2019-10-01,0.8021122521205173,0.5451919
16.15,76.9,2019-11-01,0.8791175600267467,0.4845367
16.15,76.9,2019-12-01,0.9132454953162092,0.31939638
16.15,76.9,2020-01-01,1.3659982507994544,0.55773383
16.15,76.9,2020-02-01,1.227779518490308,0.99382067
16.15,76.9,2020-03-01,1.2522157483490624,1.1171542
16.15,76.9,2020-04-01,0.1596050679598941,-0.82669234
16.15,76.9,2020-06-01,0.0144523572886507,-0.19025639
16.15,76.9,2020-07-01,1.4774851714431998,1.2153846
16.15,76.9,2020-09-01,1.6040137473913352,1.4515198
16.15,76.9,2020-10-01,1.6494323635973218,1.5662961
16.15,76.9,2020-11-01,1.649434388853131,1.5795345
16.15,76.9,2020-12-01,1.7430951119685911,1.5595082
16.15,77.15,2019-01-01,-1.113813776826272,-0.8996323
16.15,77.15,2019-02-01,-1.7898882394294795,-1.4711787
16.15,77.15,2019-03-01,-1.4528453800116718,-1.31346
16.15,77.15,2019-05-01,-1.4836086905996524,-0.48017046
16.15,77.15,2019-06-01,-0.6800417580816891,0.14189374
16.15,77.15,2019-08-01,-0.4051623228792306,-0.44399357
16.15,77.15,2019-10-01,0.6104295661876858,0.42028534
16.15,77.15,2019-11-01,0.7306894188324409,0.27590784
16.15,77.15,2019-12-01,0.8941546500703536,0.5197073
16.15,77.15,2020-01-01,1.3968951140556642,0.7328807
16.15,77.15,2020-02-01,1.180785263415823,0.91986334
16.15,77.15,2020-03-01,1.1881026603603029,0.80039465
16.15,77.15,2020-04-01,0.1748108680742051,-0.9089488
16.15,77.15,2020-06-01,0.2052024140853564,-0.08529311
16.15,77.15,2020-07-01,1.4315918251698676,1.1613023
16.15,77.15,2020-09-01,1.690832939823537,1.5449853
16.15,77.15,2020-10-01,1.737812276815215,1.6836165
16.15,77.15,2020-11-01,1.7633366678428053,1.7152584
16.15,77.15,2020-12-01,1.8255560377226527,1.740045
16.15,77.4,2019-01-01,-1.1380151986477047,-0.6924864
16.15,77.4,2019-02-01,-1.8982198573996525,-1.3721342
16.15,77.4,2019-03-01,-1.5189071617460017,-1.236931
16.15,77.4,2019-05-01,-1.212326798470573,-0.28594592
16.15,77.4,2019-06-01,-0.5533108345809974,0.12474173
16.15,77.4,2019-08-01,-0.4130381732545697,-0.41081792
16.15,77.4,2019-09-01,0.0715110996337183,0.36688095
16.15,77.4,2019-10-01,0.5236058393013032,0.6728426
16.15,77.4,2019-11-01,0.6302564252712697,0.60663563
16.15,77.4,2019-12-01,0.7720068314106362,0.7279511
16.15,77.4,2020-01-01,1.3604104354077315,0.7793542
16.15,77.4,2020-02-01,1.0716768974046895,0.9507972
16.15,77.4,2020-03-01,0.9605325439843384,0.73516333
16.15,77.4,2020-04-01,-0.0043063911967068,-0.9659771
16.15,77.4,2020-06-01,0.3118932943929053,-0.19284007
16.15,77.4,2020-07-01,1.357245328682902,1.0167767
16.15,77.4,2020-09-01,1.941628958042888,1.7163566
16.15,77.4,2020-10-01,1.9202130013953616,1.9570364
16.15,77.4,2020-11-01,1.985864725865923,2.051337
16.15,77.4,2020-12-01,2.0169949932168136,2.1101205
16.15,77.65,2019-01-01,-1.1367201623997032,-0.80804664
16.15,77.65,2019-02-01,-1.9447071321220728,-1.4962907
16.15,77.65,2019-03-01,-1.6580920576812117,-1.3428185
16.15,77.65,2019-05-01,-1.2248904748936909,-0.41065145
16.15,77.65,2019-06-01,-0.4660885158194536,-0.0852231
16.15,77.65,2019-08-01,-0.4012606922161892,-0.48935765
16.15,77.65,2019-10-01,0.4602845245203765,0.54433286
16.15,77.65,2019-11-01,0.5581024559357697,0.46029365
16.15,77.65,2019-12-01,0.6756540396001072,0.61440396
16.15,77.65,2020-01-01,1.2518659124333773,0.79927695
16.15,77.65,2020-02-01,0.9497013286947736,0.9576163
16.15,77.65,2020-03-01,0.6857614727088511,0.7359626
16.15,77.65,2020-04-01,-0.0167048373988772,-0.911072
16.15,77.65,2020-06-01,0.3711193225427024,-0.13495296
16.15,77.65,2020-07-01,1.3409303501552992,1.0922307
16.15,77.65,2020-09-01,2.0612741572172024,1.8838725
16.15,77.65,2020-10-01,1.930856895515888,1.9994049
16.15,77.65,2020-11-01,2.0103279572792867,2.0964334
16.15,77.65,2020-12-01,2.028516150013391,2.120117
16.15,77.9,2019-01-01,-1.1069164231714028,-0.83964807
16.15,77.9,2019-02-01,-1.8247355892022727,-1.5797992
16.15,77.9,2019-03-01,-1.6923119566022466,-1.4634414
16.15,77.9,2019-05-01,-1.3926572081154012,-0.543381
16.15,77.9,2019-06-01,-0.5175889477331157,-0.0019246265
16.15,77.9,2019-08-01,-0.3376809860605939,-0.30325186
16.15,77.9,2019-09-01,0.3088089355795799,0.6909183
16.15,77.9,2019-10-01,0.4636756916120305,0.70996886
16.15,77.9,2019-11-01,0.5697984330755564,0.51972586
16.15,77.9,2019-12-01,0.6506963992389979,0.5870352
16.15,77.9,2020-01-01,1.1862058262006347,0.74877584
16.15,77.9,2020-02-01,0.895753719373769,0.8774415
16.15,77.9,2020-03-01,0.5430563122600595,0.15299806
16.15,77.9,2020-04-01,-0.0102398957728782,-1.0826129
16.15,77.9,2020-06-01,0.5189880982658762,0.35515457
16.15,77.9,2020-07-01,1.351164299246268,1.3804034
16.15,77.9,2020-09-01,2.077597785906266,2.0513659
16.15,77.9,2020-10-01,1.900108631048686,2.0673695
16.15,77.9,2020-11-01,1.9624144191039723,2.0357797
16.15,77.9,2020-12-01,1.9394796468576847,2.0229309
16.15,78.15,2019-01-01,-0.9675101580626388,-0.755328
16.15,78.15,2019-02-01,-1.6445326893577574,-1.4032867
16.15,78.15,2019-03-01,-1.5110772413018947,-1.3197317
16.15,78.15,2019-05-01,-1.1220109432189,-0.43562502
16.15,78.15,2019-06-01,-0.4440103951246654,-0.123972066
16.15,78.15,2019-08-01,-0.0779113388197098,-0.13543063
16.15,78.15,2019-09-01,0.4514326662076855,0.8559996
16.15,78.15,2019-10-01,0.5218540033617427,0.8263525
16.15,78.15,2019-11-01,0.6326134989488232,0.7097855
16.15,78.15,2019-12-01,0.6844960286544858,0.8482745
16.15,78.15,2020-01-01,1.1404310129305273,0.9568633
16.15,78.15,2020-02-01,0.7795925254891523,0.9396926
16.15,78.15,2020-03-01,0.3829478617067774,0.04740973
16.15,78.15,2020-04-01,-0.235613645831289,-1.0663756
16.15,78.15,2020-06-01,0.5091632694075138,0.3479065
16.15,78.15,2020-07-01,1.3807192967151942,1.4000896
16.15,78.15,2020-09-01,2.139016896353968,2.1364734
16.15,78.15,2020-10-01,1.9927380286944905,2.177501
16.15,78.15,2020-11-01,2.078785252003295,2.1632953
16.15,78.15,2020-12-01,2.02272809181511,2.1013637
16.15,78.4,2019-01-01,-0.8167323878579363,-0.9155406
16.15,78.4,2019-02-01,-1.52494109597191,-1.5151722
16.15,78.4,2019-03-01,-1.3657543185669168,-1.427966
16.15,78.4,2019-05-01,-1.0535007290157072,-0.31727454
16.15,78.4,2019-06-01,-0.5267053344795707,-0.16122618
16.15,78.4,2019-07-01,-0.7356897994438515,-0.73169994
16.15,78.4,2019-08-01,0.1697587241569732,0.24468288
16.15,78.4,2019-09-01,0.5249064372328892,1.0390052
16.15,78.4,2019-10-01,0.63902487559263,0.8769807
16.15,78.4,2019-11-01,0.774904490075212,0.5963782
16.15,78.4,2019-12-01,0.8386377579483386,0.75205505
16.15,78.4,2020-01-01,1.220065485848412,0.7230432
16.15,78.4,2020-02-01,0.7633397294746972,0.68529546
16.15,78.4,2020-03-01,0.5477324345782798,-0.0730558
16.15,78.4,2020-04-01,-0.205642785127438,-1.2045591
16.15,78.4,2020-06-01,0.6556287073896665,0.62689346
16.15,78.4,2020-07-01,1.262268629532342,1.345668
16.15,78.4,2020-09-01,2.285027190991254,2.1789904
16.15,78.4,2020-10-01,2.147412461569151,2.1869824
16.15,78.4,2020-11-01,2.2446652316040763,2.1379068
16.15,78.4,2020-12-01,2.15403495346191,2.0234
16.15,78.65,2019-01-01,-0.8414135451241314,-0.8392769
16.15,78.65,2019-02-01,-1.5036783382259882,-1.4900887
16.15,78.65,2019-03-01,-1.478752556390586,-1.6036268
16.15,78.65,2019-05-01,-0.8868455937877165,-0.41691405
16.15,78.65,2019-06-01,-0.5377417933455805,-0.04491879
16.15,78.65,2019-07-01,-0.6295816071780346,-0.42249304
16.15,78.65,2019-08-01,0.3335707948057726,0.49205875
16.15,78.65,2019-09-01,0.716370722262549,0.9467565
16.15,78.65,2019-10-01,0.9151382382137492,1.0428222
16.15,78.65,2019-11-01,1.005674884009202,0.97011966
16.15,78.65,2019-12-01,1.0775071203541473,1.2669926
16.15,78.65,2020-01-01,1.505041646539783,1.237354
16.15,78.65,2020-02-01,1.0838648103797812,1.017809
16.15,78.65,2020-03-01,0.8509963494350531,0.5409262
16.15,78.65,2020-04-01,-0.1588095966800817,-1.2611039
16.15,78.65,2020-06-01,0.6625557269749046,0.6950224
16.15,78.65,2020-07-01,0.9944818236362116,0.86228204
16.15,78.65,2020-09-01,2.268985157530429,1.8917382
16.15,78.65,2020-10-01,2.1121687048218267,2.1778848
16.15,78.65,2020-11-01,2.2259487631806567,2.3998256
16.15,78.65,2020-12-01,2.1101306077945003,2.3731823
16.15,78.9,2019-01-01,-0.9004306513762539,-0.74235666
16.15,78.9,2019-02-01,-1.439625720020019,-1.2994404
16.15,78.9,2019-03-01,-1.3871567543748071,-1.5117431
16.15,78.9,2019-05-01,-0.1210304180502962,0.11040629
16.15,78.9,2019-06-01,-0.2204095301636513,0.2260212
16.15,78.9,2019-07-01,-0.6615080245794837,-0.589974
16.15,78.9,2019-08-01,0.0617149181658859,0.11097554
16.15,78.9,2019-09-01,0.6653941598884622,1.0803813
16.15,78.9,2019-10-01,0.9273657388518282,1.2037672
16.15,78.9,2019-11-01,0.9169005377079908,0.8909762
16.15,78.9,2019-12-01,1.0306708420963282,1.126146
16.15,78.9,2020-01-01,1.496744585335617,1.2156491
16.15,78.9,2020-02-01,1.226767129373033,1.2230774
16.15,78.9,2020-03-01,0.9080815646590122,1.0957242
16.15,78.9,2020-04-01,-0.1091167021185982,-1.0247635
16.15,78.9,2020-06-01,0.5256742530742895,0.50199777
16.15,78.9,2020-07-01,0.88710965778679,0.77748966
16.15,78.9,2020-09-01,2.2845742751140143,1.841951
16.15,78.9,2020-10-01,2.0336869177218624,2.0236697
16.15,78.9,2020-11-01,2.1839907238932543,2.2911437
16.15,78.9,2020-12-01,2.1542246274145054,2.2738533
16.15,79.15,2019-01-01,-0.7764941983153624,-0.5552551
16.15,79.15,2019-02-01,-1.2960037923395702,-1.1964289
16.15,79.15,2019-03-01,-1.099212899735721,-1.2891668
16.15,79.15,2019-05-01,0.390546691720216,0.4036172
16.15,79.15,2019-06-01,0.0242666345734012,0.26961714
16.15,79.15,2019-07-01,-0.7126257382427433,-0.9686012
16.15,79.15,2019-08-01,-0.2145612900315676,-0.34465495
16.15,79.15,2019-09-01,0.4683753728330447,0.93620193
16.15,79.15,2019-10-01,0.8529797443675297,1.2529979
16.15,79.15,2019-11-01,0.7669818864171353,0.6723081
16.15,79.15,2019-12-01,0.9323398671007668,0.8382974
16.15,79.15,2020-01-01,1.4622045017820036,1.1022171
16.15,79.15,2020-02-01,1.2902527658507696,1.2411329
16.15,79.15,2020-03-01,0.9787446265026064,1.1364647
16.15,79.15,2020-04-01,-0.0093684607018285,-0.89086056
16.15,79.15,2020-06-01,0.3846728374600474,0.0059138983
16.15,79.15,2020-07-01,0.7379200393972595,0.59059924
16.15,79.15,2020-09-01,2.209924786062013,1.9573525
16.15,79.15,2020-10-01,1.959959565483144,1.9191484
16.15,79.15,2020-11-01,2.139132179542204,2.086089
16.15,79.15,2020-12-01,2.198271745895229,2.0348723
16.15,79.4,2019-01-01,-0.5585910215130263,-0.42008412
16.15,79.4,2019-02-01,-1.1602986960037005,-1.122508
16.15,79.4,2019-03-01,-0.7142724075156515,-1.092959
16.15,79.4,2019-05-01,0.7043374966144152,0.42528978
16.15,79.4,2019-07-01,-0.9066389866273316,-1.0527873
16.15,79.4,2019-08-01,-0.4189919931601676,-0.4925866
16.15,79.4,2019-09-01,0.3002095854569536,0.68612725
16.15,79.4,2019-10-01,0.8463935127076452,1.397865
16.15,79.4,2019-11-01,0.7777739928109667,0.8254171
16.15,79.4,2019-12-01,0.9519196225461896,0.7656654
16.15,79.4,2020-01-01,1.571170589923652,1.0637112
16.15,79.4,2020-02-01,1.4148284106267537,1.176766
16.15,79.4,2020-03-01,1.1893833688505526,1.0660595
16.15,79.4,2020-04-01,0.0176202947135049,-0.7638528
16.15,79.4,2020-06-01,0.3477967903332964,-0.15288675
16.15,79.4,2020-07-01,0.7266503490480057,0.54500115
16.15,79.4,2020-09-01,2.111949331163427,2.001585
16.15,79.4,2020-10-01,1.878751312002908,2.055403
16.15,79.4,2020-11-01,2.132047158237037,2.136029
16.15,79.4,2020-12-01,2.179582465740773,2.066936
